PROJECT,WBS ID,DESCRIPTION,ALIAS,E,Type,CHARGE #,RESP,PERF,YYYYMM,BCWS HRS/UTS,ACT HRS/UTS,BCWP HRS/UTS,ETC HRS/UTS,BCWS PRIME,BCWP PRIME,ACT PRIME,BCWS T DLRS,BCWP T DLRS,ACT T DLRS,ETC T DLRS,CLIN,XREF-4,E
EHSS,211000-810H,AV IPT FFP PM SUPPORT,BASIC,C,FFP,LEH211000,H00,810H,201112,0.00,-835.10,0.00,0.00,0.00,0.00,-44970.14,0.00,0.00,-119124.22,0.00,1,BASIC,L
EHSS,2110FD-3D82,First Flight Delay - PROGRAM IMPACT,FIRST FLIGHT DELAY,C,FFP,LEH2110FD,H00,3D82,201112,38.00,42.50,38.00,0.00,1816.40,1816.40,1640.08,6907.30,6907.30,5790.20,0.00,1,FIRST FLIGHT DELAY,L
EHSS,2110FD-810H,First Flight Delay - PROGRAM IMPACT,FIRST FLIGHT DELAY,C,FFP,LEH2110FD,H00,810H,201112,483.00,835.10,483.00,0.00,26294.52,26294.52,44970.14,71915.22,71915.22,119124.22,0.00,1,FIRST FLIGHT DELAY,L
EHSS,212120-4A1G,PCR #13687 EADS EMI Absorber - Palmdale Install,BASIC,C,FFP,LEH212120,HHX,4A1G,201102,-90.00,0.00,-90.00,0.00,-3002.40,-3002.40,0.00,-10538.65,-10538.65,0.00,0.00,1,BASIC,L
EHSS,212002-ML29,CLIN 2 - Material Engineer Coordination,BASIC,C,CPFF,LEH212002,H00,ML29,201101,10.00,-36.00,10.00,0.00,544.40,544.40,-1200.53,1488.93,1488.93,-4238.40,0.00,2,BASIC,L
EHSS,212002-ML29,CLIN 2 - Material Engineer Coordination,BASIC,C,CPFF,LEH212002,H00,ML29,201102,10.00,3.50,10.00,0.00,544.40,544.40,100.08,1488.93,1488.93,353.33,0.00,2,BASIC,L
EHSS,212002-ML29,CLIN 2 - Material Engineer Coordination,BASIC,C,CPFF,LEH212002,H00,ML29,201103,10.00,5.00,10.00,0.00,544.40,544.40,150.50,1488.93,1488.93,531.33,0.00,2,BASIC,L
EHSS,212002-ML29,CLIN 2 - Material Engineer Coordination,BASIC,C,CPFF,LEH212002,H00,ML29,201104,10.00,8.00,10.00,0.00,544.40,544.40,268.69,1488.93,1488.93,948.59,0.00,2,BASIC,L
EHSS,212002-ML29,CLIN 2 - Material Engineer Coordination,BASIC,C,CPFF,LEH212002,H00,ML29,201105,8.00,12.00,8.00,0.00,435.52,435.52,384.48,1191.14,1191.14,1357.38,0.00,2,BASIC,L
EHSS,212002-ML29,CLIN 2 - Material Engineer Coordination,BASIC,C,CPFF,LEH212002,H00,ML29,201106,10.00,5.00,10.00,0.00,544.40,544.40,140.00,1488.93,1488.93,494.26,0.00,2,BASIC,L
EHSS,212002-ML29,CLIN 2 - Material Engineer Coordination,BASIC,C,CPFF,LEH212002,H00,ML29,201107,4.00,6.50,4.00,0.00,217.76,217.76,206.80,595.57,595.57,730.10,0.00,2,BASIC,L
EHSS,212002-ML29,CLIN 2 - Material Engineer Coordination,BASIC,C,CPFF,LEH212002,H00,ML29,201108,4.00,3.00,4.00,0.00,217.76,217.76,103.40,595.57,595.57,365.05,0.00,2,BASIC,L
EHSS,212002-ML29,CLIN 2 - Material Engineer Coordination,BASIC,C,CPFF,LEH212002,H00,ML29,201109,5.00,1.00,5.00,0.00,272.20,272.20,36.65,744.46,744.46,129.39,0.00,2,BASIC,L
EHSS,212002-ML29,CLIN 2 - Material Engineer Coordination,BASIC,C,CPFF,LEH212002,H00,ML29,201110,4.00,0.00,4.00,0.00,217.76,217.76,0.00,595.57,595.57,0.00,0.00,2,BASIC,L
EHSS,212002-ML29,CLIN 2 - Material Engineer Coordination,BASIC,C,CPFF,LEH212002,H00,ML29,201111,4.00,3.00,4.00,0.00,217.76,217.76,109.95,595.57,595.57,388.17,0.00,2,BASIC,L
EHSS,212002-ML29,CLIN 2 - Material Engineer Coordination,BASIC,C,CPFF,LEH212002,H00,ML29,201112,0.00,0.00,0.00,0.00,0.00,0.00,0.00,0.00,0.00,0.00,0.00,2,BASIC,L
EHSS,212002-810H,CLIN 2 - PROGRAM MGMT - AV TIER4,BASIC,C,FFP,LEH212002,H00,810H,201101,55.00,286.20,55.00,0.00,2994.20,2994.20,15070.31,8189.10,8189.10,39920.69,0.00,2,BASIC,L
EHSS,212002-810H,CLIN 2 - PROGRAM MGMT - AV TIER4,BASIC,C,FFP,LEH212002,H00,810H,201102,145.00,242.60,145.00,0.00,7893.80,7893.80,11481.38,21589.45,21589.45,30413.75,0.00,2,BASIC,L
EHSS,212002-810H,CLIN 2 - PROGRAM MGMT - AV TIER4,BASIC,C,FFP,LEH212002,H00,810H,201103,145.00,-326.70,145.00,0.00,7893.80,7893.80,-14123.50,21589.45,21589.45,-37412.62,0.00,2,BASIC,L
EHSS,212002-810H,CLIN 2 - PROGRAM MGMT - AV TIER4,BASIC,C,FFP,LEH212002,H00,810H,201104,145.00,228.20,145.00,0.00,7893.80,7893.80,11520.13,21589.45,21589.45,30516.39,0.00,2,BASIC,L
EHSS,212002-810H,CLIN 2 - PROGRAM MGMT - AV TIER4,BASIC,C,FFP,LEH212002,H00,810H,201105,145.00,225.50,145.00,0.00,7893.80,7893.80,11775.25,21589.45,21589.45,31192.20,0.00,2,BASIC,L
EHSS,212002-810H,CLIN 2 - PROGRAM MGMT - AV TIER4,BASIC,C,FFP,LEH212002,H00,810H,201106,145.00,168.00,145.00,0.00,7893.80,7893.80,8534.00,21589.45,21589.45,22620.35,0.00,2,BASIC,L
EHSS,212002-810H,CLIN 2 - PROGRAM MGMT - AV TIER4,BASIC,C,FFP,LEH212002,H00,810H,201107,168.00,162.00,168.00,0.00,9145.92,9145.92,8422.12,25013.99,25013.99,22309.88,0.00,2,BASIC,L
EHSS,212002-810H,CLIN 2 - PROGRAM MGMT - AV TIER4,BASIC,C,FFP,LEH212002,H00,810H,201108,168.00,106.10,168.00,0.00,9145.92,9145.92,4766.41,25013.99,25013.99,12626.04,0.00,2,BASIC,L
EHSS,212002-810H,CLIN 2 - PROGRAM MGMT - AV TIER4,BASIC,C,FFP,LEH212002,H00,810H,201109,210.00,125.50,210.00,0.00,11432.40,11432.40,5786.30,31267.49,31267.49,15327.69,0.00,2,BASIC,L
EHSS,212002-810H,CLIN 2 - PROGRAM MGMT - AV TIER4,BASIC,C,FFP,LEH212002,H00,810H,201110,168.00,107.80,168.00,0.00,9145.92,9145.92,5055.96,25013.99,25013.99,13393.05,0.00,2,BASIC,L
EHSS,212002-810H,CLIN 2 - PROGRAM MGMT - AV TIER4,BASIC,C,FFP,LEH212002,H00,810H,201111,168.00,120.70,168.00,0.00,9145.92,9145.92,6483.44,25013.99,25013.99,17174.39,0.00,2,BASIC,L
EHSS,212002-810H,CLIN 2 - PROGRAM MGMT - AV TIER4,BASIC,C,FFP,LEH212002,H00,810H,201112,0.00,0.00,0.00,0.00,0.00,0.00,0.00,0.00,0.00,0.00,0.00,2,BASIC,L
EHSS,2120B2-H0PM,BAF - PROGRAM MGMT IMPACT,EMI/EMC Testing,C,CPFF,LEH2120B2,H00,810H,201112,120.00,155.90,120.00,0.00,6532.80,6532.80,7997.78,17867.13,17867.13,21185.82,0.00,2,EMI/EMC Testing,L
EHSS,2120B2-H0PM,BAF - PROGRAM MGMT IMPACT,EMI/EMC Testing,C,CPFF,LEH2120B2,H00,810H,201201,135.00,129.70,135.00,0.00,7740.90,7740.90,7115.09,21811.50,21811.50,19833.80,0.00,2,EMI/EMC Testing,L
EHSS,2120B2-H0PM,BAF - PROGRAM MGMT IMPACT,EMI/EMC Testing,C,CPFF,LEH2120B2,H00,810H,201202,135.00,133.40,135.00,0.00,7740.90,7740.90,7496.39,21811.50,21811.50,20896.70,0.00,2,EMI/EMC Testing,L
EHSS,2120B2-H0EP,BAF - PROGRAM MGMT IMPACT,EMI/EMC Testing,C,CPFF,LEH2120B2,H00,ML29,201112,4.00,1.50,4.00,0.00,185.16,185.16,54.98,704.12,704.12,194.10,0.00,2,EMI/EMC Testing,L
EHSS,2120B2-H0EP,BAF - PROGRAM MGMT IMPACT,EMI/EMC Testing,C,CPFF,LEH2120B2,H00,ML29,201201,4.00,5.00,4.00,0.00,131.80,131.80,177.40,490.80,490.80,649.00,0.00,2,EMI/EMC Testing,L
EHSS,2120B2-H0EP,BAF - PROGRAM MGMT IMPACT,EMI/EMC Testing,C,CPFF,LEH2120B2,H00,ML29,201202,5.00,7.20,5.00,0.00,164.75,164.75,261.50,613.49,613.49,956.67,0.00,2,EMI/EMC Testing,L
EHSS,212FF2-H0EP,Material Engineer Coordination,BASIC,C,CPFF,LEH212FF2,H00,,201203,5.00,2.20,5.00,5.00,163.85,163.85,83.79,610.14,610.14,306.54,599.43,2,BASIC,L
EHSS,212FF2-H0PM,PROGRAM MGMT - AV TIER4,BASIC,C,CPFF,LEH212FF2,H00,,201203,155.00,56.30,155.00,155.00,8768.35,8768.35,3307.24,24706.54,24706.54,9219.16,24442.37,2,BASIC,L
EHSS,232002-3D82,Air Vehicle support to Change Mgmnt,BASIC,C,CPFF,LEH232002,H00,3D82,201101,7.00,6.50,7.00,0.00,334.60,334.60,268.21,1272.40,1272.40,946.90,0.00,2,BASIC,L
EHSS,232002-3D82,Air Vehicle support to Change Mgmnt,BASIC,C,CPFF,LEH232002,H00,3D82,201102,7.00,11.00,7.00,0.00,334.60,334.60,489.90,1272.40,1272.40,1729.56,0.00,2,BASIC,L
EHSS,232002-3D82,Air Vehicle support to Change Mgmnt,BASIC,C,CPFF,LEH232002,H00,3D82,201103,7.00,16.00,7.00,0.00,334.60,334.60,739.80,1272.40,1272.40,2611.82,0.00,2,BASIC,L
EHSS,232002-3D82,Air Vehicle support to Change Mgmnt,BASIC,C,CPFF,LEH232002,H00,3D82,201104,7.00,4.00,7.00,0.00,334.60,334.60,184.56,1272.40,1272.40,651.58,0.00,2,BASIC,L
EHSS,232002-3D82,Air Vehicle support to Change Mgmnt,BASIC,C,CPFF,LEH232002,H00,3D82,201105,7.00,0.50,7.00,0.00,334.60,334.60,15.10,1272.40,1272.40,53.31,0.00,2,BASIC,L
EHSS,232002-3D82,Air Vehicle support to Change Mgmnt,BASIC,C,CPFF,LEH232002,H00,3D82,201106,7.00,1.00,7.00,0.00,334.60,334.60,15.00,1272.40,1272.40,52.96,0.00,2,BASIC,L
EHSS,232002-3D82,Air Vehicle support to Change Mgmnt,BASIC,C,CPFF,LEH232002,H00,3D82,201107,8.00,0.50,8.00,0.00,382.40,382.40,15.10,1454.17,1454.17,53.31,0.00,2,BASIC,L
EHSS,232002-3D82,Air Vehicle support to Change Mgmnt,BASIC,C,CPFF,LEH232002,H00,3D82,201108,8.00,0.00,8.00,0.00,382.40,382.40,0.00,1454.17,1454.17,0.00,0.00,2,BASIC,L
EHSS,232002-3D82,Air Vehicle support to Change Mgmnt,BASIC,C,CPFF,LEH232002,H00,3D82,201109,10.00,15.50,10.00,0.00,478.00,478.00,467.97,1817.71,1817.71,1652.14,0.00,2,BASIC,L
EHSS,232002-3D82,Air Vehicle support to Change Mgmnt,BASIC,C,CPFF,LEH232002,H00,3D82,201110,8.00,4.00,8.00,0.00,382.40,382.40,120.78,1454.17,1454.17,426.41,0.00,2,BASIC,L
EHSS,232002-3D82,Air Vehicle support to Change Mgmnt,BASIC,C,CPFF,LEH232002,H00,3D82,201111,8.00,12.40,8.00,0.00,382.40,382.40,372.45,1454.17,1454.17,1314.91,0.00,2,BASIC,L
EHSS,232002-3D82,Air Vehicle support to Change Mgmnt,BASIC,C,CPFF,LEH232002,H00,3D82,201112,0.00,0.00,0.00,0.00,0.00,0.00,0.00,0.00,0.00,0.00,0.00,2,BASIC,L
EHSS,232002-810H,Air Vehicle support to Change Mgmnt,BASIC,C,CPFF,LEH232002,H00,810H,201102,74.00,10.50,74.00,0.00,4028.56,4028.56,520.70,11018.07,11018.07,1379.31,0.00,2,BASIC,L
EHSS,232002-810H,Air Vehicle support to Change Mgmnt,BASIC,C,CPFF,LEH232002,H00,810H,201103,590.00,644.30,590.00,0.00,32119.60,32119.60,31367.50,87846.74,87846.74,83091.33,0.00,2,BASIC,L
EHSS,232002-810H,Air Vehicle support to Change Mgmnt,BASIC,C,CPFF,LEH232002,H00,810H,201104,74.00,41.00,74.00,0.00,4028.56,4028.56,2411.93,11018.07,11018.07,6389.11,0.00,2,BASIC,L
EHSS,232002-810H,Air Vehicle support to Change Mgmnt,BASIC,C,CPFF,LEH232002,H00,810H,201105,74.00,58.40,74.00,0.00,4028.56,4028.56,3816.72,11018.07,11018.07,10110.35,0.00,2,BASIC,L
EHSS,232002-810H,Air Vehicle support to Change Mgmnt,BASIC,C,CPFF,LEH232002,H00,810H,201106,74.00,-9.00,74.00,0.00,4028.56,4028.56,-672.00,11018.07,11018.07,-1780.10,0.00,2,BASIC,L
EHSS,232002-810H,Air Vehicle support to Change Mgmnt,BASIC,C,CPFF,LEH232002,H00,810H,201107,64.00,11.30,64.00,0.00,3484.16,3484.16,610.15,9529.14,9529.14,1616.26,0.00,2,BASIC,L
EHSS,232002-810H,Air Vehicle support to Change Mgmnt,BASIC,C,CPFF,LEH232002,H00,810H,201108,64.00,17.00,64.00,0.00,3484.16,3484.16,878.10,9529.14,9529.14,2326.05,0.00,2,BASIC,L
EHSS,232002-810H,Air Vehicle support to Change Mgmnt,BASIC,C,CPFF,LEH232002,H00,810H,201109,80.00,62.40,80.00,0.00,4355.20,4355.20,3534.14,11911.42,11911.42,9361.80,0.00,2,BASIC,L
EHSS,232002-810H,Air Vehicle support to Change Mgmnt,BASIC,C,CPFF,LEH232002,H00,810H,201110,64.00,36.80,64.00,0.00,3484.16,3484.16,1871.17,9529.14,9529.14,4956.66,0.00,2,BASIC,L
EHSS,232002-810H,Air Vehicle support to Change Mgmnt,BASIC,C,CPFF,LEH232002,H00,810H,201111,64.00,11.00,64.00,0.00,3484.16,3484.16,718.93,9529.14,9529.14,1904.42,0.00,2,BASIC,L
EHSS,2320B2-H000,BAF - QA/CM/SEC IMPACT,EMI/EMC Testing,C,CPFF,LEH2320B2,H00,3D82,201112,4.00,14.00,4.00,0.00,191.20,191.20,422.68,727.08,727.08,1492.25,0.00,2,EMI/EMC Testing,L
EHSS,2320B2-H000,BAF - QA/CM/SEC IMPACT,EMI/EMC Testing,C,CPFF,LEH2320B2,H00,3D82,201201,4.00,2.50,4.00,0.00,197.72,197.72,110.06,736.27,736.27,306.80,0.00,2,EMI/EMC Testing,L
EHSS,2320B2-H000,BAF - QA/CM/SEC IMPACT,EMI/EMC Testing,C,CPFF,LEH2320B2,H00,3D82,201202,5.00,9.00,5.00,0.00,247.15,247.15,271.72,920.34,920.34,994.06,0.00,2,EMI/EMC Testing,L
EHSS,2320B2-H0CR,BAF - QA/CM/SEC IMPACT,EMI/EMC Testing,C,CPFF,LEH2320B2,H00,810H,201112,21.00,63.90,21.00,0.00,1143.24,1143.24,4027.51,3126.75,3126.75,10668.72,0.00,2,EMI/EMC Testing,L
EHSS,2320B2-H0CR,BAF - QA/CM/SEC IMPACT,EMI/EMC Testing,C,CPFF,LEH2320B2,H00,810H,201201,22.00,25.00,22.00,0.00,1261.48,1261.48,1146.13,3554.47,3554.47,3194.92,0.00,2,EMI/EMC Testing,L
EHSS,2320B2-H0CR,BAF - QA/CM/SEC IMPACT,EMI/EMC Testing,C,CPFF,LEH2320B2,H00,810H,201202,22.00,6.50,22.00,0.00,1261.48,1261.48,350.97,3554.47,3554.47,978.35,0.00,2,EMI/EMC Testing,L
EHSS,232FF2-H000,Air Vehicle support to Change Mgmnt,BASIC,C,CPFF,LEH232FF2,H00,,201203,10.00,9.00,10.00,10.00,486.20,486.20,278.28,1810.51,1810.51,1018.05,1778.71,2,BASIC,L
EHSS,232FF2-H0CR,Air Vehicle support to Change Mgmnt,BASIC,C,CPFF,LEH232FF2,H00,,201203,45.00,7.10,45.00,45.00,2545.65,2545.65,474.53,7172.87,7172.87,1322.78,7096.17,2,BASIC,L
EHSS,242200-813H,COMPOSITES M&P,BASIC,C,FFP,LEH242200,HDX,813H,201106,-0.01,0.00,0.00,0.00,-0.51,0.00,0.00,-1.34,0.00,0.00,0.00,1,BASIC,L
EHSS,242200-813H00F2,STRUCTURAL ANALYSIS - COMPOSITE,BASIC,C,FFP,LEH242200,HDX,813H,201106,0.00,0.00,0.00,0.00,0.00,0.00,0.00,-210.94,0.00,0.00,0.00,1,BASIC,L
EHSS,242300-3J45,REWORK,BASIC,C,FFP,LEH242300,H00,3J45,201106,0.00,0.00,0.00,0.00,0.02,0.00,0.00,0.12,0.00,0.00,0.00,1,BASIC,L
EHSS,242300-810H,Rework,BASIC,C,FFP,LEH242300,H00,810H,201106,0.00,0.00,0.00,0.00,0.05,0.00,0.00,0.19,0.00,0.00,0.00,1,BASIC,L
EHSS,242230-4A1G,PCR#13874 Rework Harnesses & Install -Palmdale,BASIC,C,FFP,LEH242230,HHX,4A1G,201102,-33.00,0.00,-33.00,0.00,-1100.88,-1100.88,0.00,-3864.17,-3864.17,0.00,0.00,1,BASIC,L
EHSS,2420J2-HJMV,Mission Validation for Flt. 2 Forward,JMPS,C,CPFF,LEH2420J2,HJX,819H,201101,80.00,65.50,120.00,66.00,4355.20,6532.80,2553.19,11911.42,17119.53,6763.30,0.00,2,JMPS,L
EHSS,2420J2-HJMV,Mission Validation for Flt. 2 Forward,JMPS,C,CPFF,LEH2420J2,HJX,819H,201102,80.00,67.00,0.00,67.00,4355.20,0.00,2661.52,11911.42,0.00,7050.27,0.00,2,JMPS,L
EHSS,2420J2-HJMV,Mission Validation for Flt. 2 Forward,JMPS,C,CPFF,LEH2420J2,HJX,819H,201103,0.00,53.00,0.00,53.00,0.00,0.00,2127.98,0.00,0.00,5636.94,0.00,2,JMPS,L
EHSS,2420J2-HJMV,Mission Validation for Flt. 2 Forward,JMPS,C,CPFF,LEH2420J2,HJX,819H,201104,0.00,64.50,0.00,65.00,0.00,0.00,2811.48,0.00,0.00,7447.51,0.00,2,JMPS,L
EHSS,2420J2-HJMV,Mission Validation for Flt. 2 Forward,JMPS,C,CPFF,LEH2420J2,HJX,819H,201105,0.00,20.60,120.00,21.00,0.00,6532.80,835.67,0.00,17867.13,2213.66,0.00,2,JMPS,L
EHSS,2420J2-HJMV,Mission Validation for Flt. 2 Forward,JMPS,C,CPFF,LEH2420J2,HJX,819H,201106,0.00,62.00,0.00,62.00,0.00,0.00,2386.00,0.00,0.00,6320.42,0.00,2,JMPS,L
EHSS,2420J2-HJMV,Mission Validation for Flt. 2 Forward,JMPS,C,CPFF,LEH2420J2,HJX,819H,201107,0.00,100.00,0.00,100.00,0.00,0.00,4264.28,0.00,0.00,11295.92,0.00,2,JMPS,L
EHSS,2420J2-HJMV,Mission Validation for Flt. 2 Forward,JMPS,C,CPFF,LEH2420J2,HJX,819H,201108,0.00,0.00,0.00,0.00,0.00,0.00,0.00,0.00,0.00,0.00,0.00,2,JMPS,L
EHSS,2420J2-HJMV,Mission Validation for Flt. 2 Forward,JMPS,C,CPFF,LEH2420J2,HJX,819H,201109,0.00,0.00,0.00,0.00,0.00,0.00,0.00,0.00,0.00,0.00,0.00,2,JMPS,L
EHSS,2420J2-HJMV,Mission Validation for Flt. 2 Forward,JMPS,C,CPFF,LEH2420J2,HJX,819H,201110,42.00,24.50,42.50,25.00,2286.48,2313.70,921.73,6253.50,6327.94,2441.63,0.00,2,JMPS,L
EHSS,2420J2-HJMV,Mission Validation for Flt. 2 Forward,JMPS,C,CPFF,LEH2420J2,HJX,819H,201111,126.00,0.00,0.00,0.00,6859.44,0.00,0.00,18760.49,0.00,0.00,0.00,2,JMPS,L
EHSS,2420J2-HJMV,Mission Validation for Flt. 2 Forward,JMPS,C,CPFF,LEH2420J2,HJX,819H,201112,168.00,51.90,42.50,52.00,9145.92,2313.70,2084.26,25013.99,6327.94,5521.13,0.00,2,JMPS,L
EHSS,2420J2-HJMV,Mission Validation for Flt. 2 Forward,JMPS,C,CPFF,LEH2420J2,HJX,819H,201201,206.00,103.50,292.50,104.00,11812.04,16044.05,3953.39,33282.73,44077.11,11020.34,16941.79,2,JMPS,L
EHSS,2420J2-HJMV,Mission Validation for Flt. 2 Forward,JMPS,C,CPFF,LEH2420J2,HJX,819H,201202,84.00,165.60,117.50,166.00,4816.56,6737.45,6181.13,13571.60,18984.08,17230.32,26906.85,2,JMPS,L
EHSS,2420J2-HJMV,Mission Validation for Flt. 2 Forward,JMPS,C,CPFF,LEH2420J2,HJX,819H,201203,84.00,37.10,0.00,150.00,4816.56,0.00,1445.23,13571.60,0.00,4028.68,23653.91,2,JMPS,L
EHSS,2420J2-HJMV,Mission Validation for Flt. 2 Forward,JMPS,C,CPFF,LEH2420J2,HJX,819H,201204,124.00,0.00,0.00,120.00,7110.16,0.00,0.00,20034.27,0.00,0.00,18923.13,2,JMPS,L
EHSS,2420J2-HJMV,Mission Validation for Flt. 2 Forward,JMPS,C,CPFF,LEH2420J2,HJX,819H,201205,84.00,0.00,0.00,145.00,4816.56,0.00,0.00,13571.60,0.00,0.00,22865.44,2,JMPS,L
EHSS,2420J2-HJMV,Mission Validation for Flt. 2 Forward,JMPS,C,CPFF,LEH2420J2,HJX,819H,201206,82.00,0.00,0.00,145.00,4701.88,0.00,0.00,13248.47,0.00,0.00,22865.44,2,JMPS,L
EHSS,2420J2-HJMV,Mission Validation for Flt. 2 Forward,JMPS,C,CPFF,LEH2420J2,HJX,819H,201207,0.00,0.00,0.00,93.00,0.00,0.00,0.00,0.00,0.00,0.00,14665.42,2,JMPS,L
EHSS,242240-HEEN,IFF Trade Study,BASIC,C,FFP,LEH242240,HEX,814H,201101,0.00,13.50,30.00,0.00,0.00,1633.20,866.97,0.00,4186.43,2296.57,0.00,1,BASIC,L
EHSS,242240-HEEN,IFF Trade Study,BASIC,C,FFP,LEH242240,HEX,814H,201102,0.00,1.00,0.00,0.00,0.00,0.00,64.22,0.00,0.00,170.12,0.00,1,BASIC,L
EHSS,242240-HEEN,IFF Trade Study,BASIC,C,FFP,LEH242240,HEX,814H,201109,6.00,12.00,6.00,0.00,326.64,326.64,793.08,893.36,893.36,2100.84,0.00,1,BASIC,L
EHSS,242240-HEEN,IFF Trade Study,BASIC,C,FFP,LEH242240,HEX,814H,201110,18.00,8.00,12.00,0.00,979.92,653.28,528.72,2680.07,1786.71,1400.56,0.00,1,BASIC,L
EHSS,242240-HEEN,IFF Trade Study,BASIC,C,FFP,LEH242240,HEX,814H,201111,0.00,28.00,0.00,0.00,0.00,0.00,1850.52,0.00,0.00,4901.96,0.00,1,BASIC,L
EHSS,242240-HEEN,IFF Trade Study,BASIC,C,FFP,LEH242240,HEX,814H,201112,0.00,18.00,0.00,0.00,0.00,0.00,1189.62,0.00,0.00,3151.26,0.00,1,BASIC,L
EHSS,242240-HEEN,IFF Trade Study,BASIC,C,FFP,LEH242240,HEX,814H,201201,0.00,17.00,6.00,0.00,0.00,326.64,1123.53,0.00,893.36,3131.92,0.00,1,BASIC,L
EHSS,242240-HEEN,IFF Trade Study,BASIC,C,FFP,LEH242240,HEX,814H,201202,0.00,16.80,0.00,0.00,0.00,0.00,1116.14,0.00,0.00,3111.32,0.00,1,BASIC,L
EHSS,242240-HEEN,IFF Trade Study,BASIC,C,FFP,LEH242240,HEX,814H,201203,0.00,1.00,0.00,0.00,0.00,0.00,67.41,0.00,0.00,187.91,0.00,1,BASIC,L
EHSS,242002-811H,Fatigue Damage & Durability Analysis,BASIC,C,CPFF,LEH242002,HBX,811H,201101,0.00,0.00,0.00,0.00,0.00,0.00,0.00,0.00,0.00,0.00,0.00,2,BASIC,L
EHSS,242002-811H,Fatigue Damage & Durability Analysis,BASIC,C,CPFF,LEH242002,HBX,811H,201104,0.00,0.00,0.00,0.00,0.00,0.00,0.00,0.00,0.00,0.00,0.00,2,BASIC,L
EHSS,242002-811H,Fatigue Damage & Durability Analysis,BASIC,C,CPFF,LEH242002,HBX,811H,201112,0.00,0.00,0.00,0.00,0.00,0.00,0.00,0.00,0.00,0.00,0.00,2,BASIC,L
EHSS,242002-819H,EAFB Performance Model Updates,BASIC,C,CPFF,LEH242002,HJX,819H,201101,110.00,10.50,0.00,0.00,5988.40,0.00,591.78,16378.21,0.00,1567.60,0.00,2,BASIC,L
EHSS,242002-819H,EAFB Performance Model Updates,BASIC,C,CPFF,LEH242002,HJX,819H,201102,0.00,5.00,17.20,0.00,0.00,936.37,281.80,0.00,2400.22,746.48,0.00,2,BASIC,L
EHSS,242002-819H,EAFB Performance Model Updates,BASIC,C,CPFF,LEH242002,HJX,819H,201103,0.00,0.00,-4.40,0.00,0.00,-239.54,0.00,0.00,-614.01,0.00,0.00,2,BASIC,L
EHSS,242002-819H,EAFB Performance Model Updates,BASIC,C,CPFF,LEH242002,HJX,819H,201107,-440.00,0.00,76.80,0.00,-23953.60,4180.99,0.00,-62428.97,10717.27,0.00,0.00,2,BASIC,L
EHSS,242002-815H00C4,EAFB Thermal Analysis,BASIC,C,CPFF,LEH242002,HEX,815H,201101,0.00,6.50,123.50,0.00,0.00,6723.34,288.76,0.00,17234.15,764.91,0.00,2,BASIC,L
EHSS,242250-811H,PCR 20140 Remove Cooling Duct End,BASIC,C,FFP,LEH242250,HBX,811H,201102,0.00,7.00,10.00,0.00,0.00,544.40,326.78,0.00,1395.48,865.63,0.00,1,BASIC,L
EHSS,242042-814H,CR 20148 - O-Ring - AV Eng,BASIC,C,CPFF,LEH242042,HEX,814H,201101,30.00,0.00,60.00,0.00,1633.20,3266.40,0.00,4466.78,8653.22,0.00,0.00,2,BASIC,L
EHSS,242042-3J48,CR 20148 - O-Ring - ME Support,BASIC,C,CPFF,LEH242042,HEX,3J48,201101,6.00,0.52,12.00,0.00,277.74,555.48,36.75,1056.17,2028.86,129.74,0.00,2,BASIC,L
EHSS,242052-818H,CR 20092 - LNA RESISTOR - AV Eng,BASIC,C,CPFF,LEH242052,HEX,818H,201101,0.00,0.00,40.00,0.00,0.00,2177.60,0.00,0.00,5581.91,0.00,0.00,2,BASIC,L
EHSS,242082-814H,CR 20154 - Landing Light Study - AV Support,BASIC,C,CPFF,LEH242082,HEX,814H,201101,10.00,0.00,10.00,0.00,544.40,544.40,0.00,1488.93,1395.48,0.00,0.00,2,BASIC,L
EHSS,242082-814H,CR 20154 - Landing Light Study - AV Support,BASIC,C,CPFF,LEH242082,HEX,814H,201102,0.00,0.00,10.00,0.00,0.00,544.40,0.00,0.00,1488.93,0.00,0.00,2,BASIC,L
EHSS,242092-813H,CR 20195 - Placard - AV Eng,BASIC,C,CPFF,LEH242092,HDX,813H,201101,14.00,6.00,2.95,0.00,762.16,160.60,328.86,2084.50,439.23,871.14,0.00,2,BASIC,L
EHSS,242092-3J47,CR 20195 - Placard - ME Support,BASIC,C,CPFF,LEH242092,HDX,3J47,201101,7.00,15.30,0.55,0.00,324.03,25.46,757.20,1232.20,96.82,2673.25,0.00,2,BASIC,L
EHSS,242260-2B21,CR 20161 - Water Intrusion,BASIC,C,FFP,LEH242260,HDX,2B21,201103,50.00,0.00,0.00,0.00,1788.50,0.00,0.00,6801.20,0.00,0.00,0.00,1,BASIC,L
EHSS,242260-2B21,CR 20161 - Water Intrusion,BASIC,C,FFP,LEH242260,HDX,2B21,201106,-50.00,0.00,0.00,0.00,-1788.50,0.00,0.00,-6801.20,0.00,0.00,0.00,1,BASIC,L
EHSS,242260-3J47,CR 20161 - Water Intrusion,BASIC,C,FFP,LEH242260,HDX,3J47,201101,10.00,0.00,0.00,0.00,462.90,0.00,0.00,1760.29,0.00,0.00,0.00,1,BASIC,L
EHSS,242260-3J47,CR 20161 - Water Intrusion,BASIC,C,FFP,LEH242260,HDX,3J47,201102,27.00,0.00,0.00,0.00,1249.83,0.00,0.00,4752.78,0.00,0.00,0.00,1,BASIC,L
EHSS,242260-3J47,CR 20161 - Water Intrusion,BASIC,C,FFP,LEH242260,HDX,3J47,201103,0.00,18.06,18.50,0.00,0.00,856.36,891.07,0.00,3256.53,3145.87,0.00,1,BASIC,L
EHSS,242260-3J47,CR 20161 - Water Intrusion,BASIC,C,FFP,LEH242260,HDX,3J47,201104,0.00,28.70,14.80,0.00,0.00,685.09,1264.83,0.00,2605.23,4465.41,0.00,1,BASIC,L
EHSS,242260-3J47,CR 20161 - Water Intrusion,BASIC,C,FFP,LEH242260,HDX,3J47,201105,0.00,7.18,1.85,0.00,0.00,85.64,307.19,0.00,325.65,1084.52,0.00,1,BASIC,L
EHSS,242260-3J47,CR 20161 - Water Intrusion,BASIC,C,FFP,LEH242260,HDX,3J47,201106,0.00,6.00,1.85,0.00,0.00,85.64,303.00,0.00,325.65,1069.72,0.00,1,BASIC,L
EHSS,242260-3J47,CR 20161 - Water Intrusion,BASIC,C,FFP,LEH242260,HDX,3J47,201107,0.00,-5.90,0.00,0.00,0.00,0.00,-305.30,0.00,0.00,-1077.84,0.00,1,BASIC,L
EHSS,242260-813H,CR 20161 - Water Intrusion,BASIC,C,FFP,LEH242260,HDX,813H,201101,100.00,92.70,45.20,0.00,5444.00,2460.69,5085.25,14889.28,6648.65,13470.64,0.00,1,BASIC,L
EHSS,242260-813H,CR 20161 - Water Intrusion,BASIC,C,FFP,LEH242260,HDX,813H,201102,106.00,36.50,33.90,0.00,5770.64,1845.52,2086.00,15782.64,5047.47,5525.74,0.00,1,BASIC,L
EHSS,242260-813H,CR 20161 - Water Intrusion,BASIC,C,FFP,LEH242260,HDX,813H,201103,0.00,15.50,90.40,0.00,0.00,4921.38,-37.56,0.00,13459.91,-99.50,0.00,1,BASIC,L
EHSS,242260-813H,CR 20161 - Water Intrusion,BASIC,C,FFP,LEH242260,HDX,813H,201104,0.00,8.50,33.90,0.00,0.00,1845.52,383.18,0.00,5047.46,1015.03,0.00,1,BASIC,L
EHSS,242260-813H,CR 20161 - Water Intrusion,BASIC,C,FFP,LEH242260,HDX,813H,201105,0.00,3.50,0.00,0.00,0.00,0.00,153.72,0.00,0.00,407.20,0.00,1,BASIC,L
EHSS,242260-813H,CR 20161 - Water Intrusion,BASIC,C,FFP,LEH242260,HDX,813H,201106,15.00,0.00,26.30,0.00,816.60,1431.77,0.00,2233.39,3915.88,0.00,0.00,1,BASIC,L
EHSS,242260-813H,CR 20161 - Water Intrusion,BASIC,C,FFP,LEH242260,HDX,813H,201107,15.00,10.80,13.50,0.00,816.60,734.94,551.12,2233.39,2010.05,1459.90,0.00,1,BASIC,L
EHSS,242260-813H,CR 20161 - Water Intrusion,BASIC,C,FFP,LEH242260,HDX,813H,201108,0.00,6.20,1.50,0.00,0.00,81.66,356.12,0.00,223.34,943.35,0.00,1,BASIC,L
EHSS,242102-814H,CR 20213 - 25 kVa Improvements - AV Design,BASIC,C,CPFF,LEH242102,HEX,814H,201101,0.00,8.00,3.60,0.00,0.00,195.98,458.88,0.00,536.01,1215.56,0.00,2,BASIC,L
EHSS,242102-814H,CR 20213 - 25 kVa Improvements - AV Design,BASIC,C,CPFF,LEH242102,HEX,814H,201102,10.00,12.00,0.00,0.00,544.40,0.00,634.02,1488.93,0.00,1679.50,0.00,2,BASIC,L
EHSS,242102-814H,CR 20213 - 25 kVa Improvements - AV Design,BASIC,C,CPFF,LEH242102,HEX,814H,201103,26.00,74.00,32.40,0.00,1415.44,1763.86,3172.36,3871.21,4824.13,8403.46,0.00,2,BASIC,L
EHSS,242102-814H,CR 20213 - 25 kVa Improvements - AV Design,BASIC,C,CPFF,LEH242102,HEX,814H,201104,0.00,0.00,0.00,0.00,0.00,0.00,3.72,0.00,0.00,9.85,0.00,2,BASIC,L
EHSS,242102-3J48,CR 20213 - 25 kVa Improvements - ME Supt,BASIC,C,CPFF,LEH242102,HEX,3J48,201101,0.00,0.00,3.20,0.00,0.00,174.21,0.00,0.00,476.46,0.00,0.00,2,BASIC,L
EHSS,242102-3J48,CR 20213 - 25 kVa Improvements - ME Supt,BASIC,C,CPFF,LEH242102,HEX,3J48,201102,12.00,0.00,0.00,0.00,555.48,0.00,0.00,2112.35,0.00,0.00,0.00,2,BASIC,L
EHSS,242102-3J48,CR 20213 - 25 kVa Improvements - ME Supt,BASIC,C,CPFF,LEH242102,HEX,3J48,201103,20.00,13.59,28.80,0.00,925.80,1307.07,568.93,3520.58,5156.47,2008.57,0.00,2,BASIC,L
EHSS,242102-3J48,CR 20213 - 25 kVa Improvements - ME Supt,BASIC,C,CPFF,LEH242102,HEX,3J48,201104,0.00,3.61,0.00,0.00,0.00,0.00,179.59,0.00,0.00,634.03,0.00,2,BASIC,L
EHSS,242102-3J48,CR 20213 - 25 kVa Improvements - ME Supt,BASIC,C,CPFF,LEH242102,HEX,3J48,201105,0.00,-0.01,0.00,0.00,0.00,0.00,-1.03,0.00,0.00,-3.64,0.00,2,BASIC,L
EHSS,242102-815H,CR 20213 - 25 kVa Improvements - AWC Updates,BASIC,C,CPFF,LEH242102,HEX,815H,201101,0.00,18.30,4.00,0.00,0.00,217.76,591.64,0.00,595.57,1567.23,0.00,2,BASIC,L
EHSS,242102-815H,CR 20213 - 25 kVa Improvements - AWC Updates,BASIC,C,CPFF,LEH242102,HEX,815H,201102,20.00,43.00,16.00,0.00,1088.80,871.04,2627.47,2977.86,2382.28,6960.07,0.00,2,BASIC,L
EHSS,242102-815H,CR 20213 - 25 kVa Improvements - AWC Updates,BASIC,C,CPFF,LEH242102,HEX,815H,201103,20.00,7.00,20.00,0.00,1088.80,1088.80,449.48,2977.86,2977.86,1190.66,0.00,2,BASIC,L
EHSS,242102-811H,CR 20213 - 25 kVa Improvements - W&B,BASIC,C,CPFF,LEH242102,HBX,811H,201101,0.00,4.00,0.00,0.00,0.00,0.00,187.16,0.00,0.00,495.78,0.00,2,BASIC,L
EHSS,242102-811H,CR 20213 - 25 kVa Improvements - W&B,BASIC,C,CPFF,LEH242102,HBX,811H,201102,0.00,0.00,12.50,0.00,0.00,680.50,0.00,0.00,1861.16,0.00,0.00,2,BASIC,L
EHSS,242102-811H,CR 20213 - 25 kVa Improvements - W&B,BASIC,C,CPFF,LEH242102,HBX,811H,201103,25.00,0.00,0.00,0.00,1361.00,0.00,0.00,3722.32,0.00,0.00,0.00,2,BASIC,L
EHSS,242102-811H,CR 20213 - 25 kVa Improvements - W&B,BASIC,C,CPFF,LEH242102,HBX,811H,201104,0.00,30.30,12.50,0.00,0.00,680.50,1614.75,0.00,1861.16,4277.41,0.00,2,BASIC,L
EHSS,242102-811H,CR 20213 - 25 kVa Improvements - W&B,BASIC,C,CPFF,LEH242102,HBX,811H,201105,0.00,-5.80,0.00,0.00,0.00,0.00,-315.70,0.00,0.00,-836.28,0.00,2,BASIC,L
EHSS,242102-2B21,CR 20213 - 25 kVa Improvements - Fab,BASIC,C,CPFF,LEH242102,HEX,2B21,201104,5.00,3.93,0.00,0.00,173.95,0.00,124.96,661.49,0.00,441.16,0.00,2,BASIC,L
EHSS,242102-2B21,CR 20213 - 25 kVa Improvements - Fab,BASIC,C,CPFF,LEH242102,HEX,2B21,201105,0.00,21.21,5.00,0.00,0.00,173.95,859.84,0.00,661.49,3035.61,0.00,2,BASIC,L
EHSS,242102-2B21,CR 20213 - 25 kVa Improvements - Fab,BASIC,C,CPFF,LEH242102,HEX,2B21,201106,0.00,0.00,0.00,0.00,0.00,0.00,7.00,0.00,0.00,24.71,0.00,2,BASIC,L
EHSS,242270-3J48,PCR 20202 - PDU - ME Support,BASIC,C,FFP,LEH242270,HEX,3J48,201108,6.00,10.87,9.54,0.00,277.74,441.61,515.20,1056.17,1679.32,1818.88,0.00,1,BASIC,L
EHSS,242270-3J48,PCR 20202 - PDU - ME Support,BASIC,C,FFP,LEH242270,HEX,3J48,201109,12.00,0.00,0.00,0.00,555.48,0.00,0.00,2112.35,0.00,0.00,0.00,1,BASIC,L
EHSS,242270-3J48,PCR 20202 - PDU - ME Support,BASIC,C,FFP,LEH242270,HEX,3J48,201110,0.00,0.00,8.46,0.00,0.00,391.61,0.00,0.00,1489.20,0.00,0.00,1,BASIC,L
EHSS,242270-818H,PCR 20202 - PDU - AV Engineering,BASIC,C,FFP,LEH242270,HEX,818H,201108,54.00,44.20,57.24,0.00,2939.76,3116.15,2296.61,8040.21,8522.62,6083.63,0.00,1,BASIC,L
EHSS,242270-818H,PCR 20202 - PDU - AV Engineering,BASIC,C,FFP,LEH242270,HEX,818H,201109,54.00,5.00,0.00,0.00,2939.76,0.00,270.59,8040.21,0.00,716.78,0.00,1,BASIC,L
EHSS,242270-818H,PCR 20202 - PDU - AV Engineering,BASIC,C,FFP,LEH242270,HEX,818H,201110,0.00,56.50,39.96,0.00,0.00,2175.42,2771.93,0.00,5949.76,7342.74,0.00,1,BASIC,L
EHSS,242270-818H,PCR 20202 - PDU - AV Engineering,BASIC,C,FFP,LEH242270,HEX,818H,201111,0.00,5.50,10.80,0.00,0.00,587.95,319.39,0.00,1608.04,846.05,0.00,1,BASIC,L
EHSS,242280-HDEN,XW190 Grounding Strap - CR20285 - AV Eng,BASIC,C,FFP,LEH242280,HDX,813H,201111,60.00,18.00,16.00,0.00,3266.40,871.04,970.74,8933.57,2382.28,2571.45,0.00,1,BASIC,L
EHSS,242280-HDEN,XW190 Grounding Strap - CR20285 - AV Eng,BASIC,C,FFP,LEH242280,HDX,813H,201112,100.00,80.10,112.00,0.00,5444.00,6097.28,4309.35,14889.28,16675.99,11415.31,0.00,1,BASIC,L
EHSS,242280-HDEN,XW190 Grounding Strap - CR20285 - AV Eng,BASIC,C,FFP,LEH242280,HDX,813H,201201,0.00,0.00,32.00,0.00,0.00,1742.08,0.00,0.00,4764.57,0.00,0.00,1,BASIC,L
EHSS,242280-HDME,XW190 Grounding Strap - CR20285 - ME Supt,BASIC,C,FFP,LEH242280,HDX,3J47,201111,6.00,0.30,0.80,0.00,277.74,37.03,15.55,1056.17,140.82,54.90,0.00,1,BASIC,L
EHSS,242280-HDME,XW190 Grounding Strap - CR20285 - ME Supt,BASIC,C,FFP,LEH242280,HDX,3J47,201112,10.00,7.11,2.40,0.00,462.90,111.10,363.04,1760.29,422.47,1281.69,0.00,1,BASIC,L
EHSS,242280-HDME,XW190 Grounding Strap - CR20285 - ME Supt,BASIC,C,FFP,LEH242280,HDX,3J47,201201,0.00,12.30,12.80,0.00,0.00,592.51,627.68,0.00,2253.17,2296.29,0.00,1,BASIC,L
EHSS,242280-HEEN,XW190 Grounding Strap - CR20285 - AV Eng,BASIC,C,FFP,LEH242280,HEX,818H,201111,0.00,12.00,4.00,0.00,0.00,217.76,687.25,0.00,595.57,1820.50,0.00,1,BASIC,L
EHSS,242280-HEEN,XW190 Grounding Strap - CR20285 - AV Eng,BASIC,C,FFP,LEH242280,HEX,818H,201112,80.00,16.00,0.00,0.00,4355.20,0.00,792.90,11911.42,0.00,2100.36,0.00,1,BASIC,L
EHSS,242280-HEEN,XW190 Grounding Strap - CR20285 - AV Eng,BASIC,C,FFP,LEH242280,HEX,818H,201201,-40.00,81.00,36.00,0.00,-2177.60,1959.84,3914.96,-6135.81,5180.04,10913.22,0.00,1,BASIC,L
EHSS,242290-HEEN,AIR DATA TRAY EH20296 - AV Eng,BASIC,C,FFP,LEH242290,HEX,,201202,140.00,47.00,37.80,47.00,7919.80,2138.35,2903.04,22315.59,6025.21,8104.53,7491.66,1,BASIC,L
EHSS,242290-HEEN,AIR DATA TRAY EH20296 - AV Eng,BASIC,C,FFP,LEH242290,HEX,,201203,0.00,28.20,102.20,93.00,0.00,5781.45,1554.14,0.00,16290.38,4629.45,14665.42,1,BASIC,L
EHSS,242290-HEFB,AIR DATA TRAY EH20296 - Fabricate,BASIC,C,FFP,LEH242290,HEX,,201203,37.00,0.00,0.00,37.00,1206.57,0.00,0.00,4493.02,0.00,0.00,4414.10,1,BASIC,L
EHSS,242290-HBWB,AIR DATA TRAY EH20296 - W&B,BASIC,C,FFP,LEH242290,HBX,,201204,10.00,0.00,0.00,10.00,565.70,0.00,0.00,1593.97,0.00,0.00,1576.93,1,BASIC,L
EHSS,243100-818H,Perform Analysis  (Coupling  SE) for LRU,BASIC,C,FFP,LEH243100,HEX,818H,201106,0.00,0.00,0.00,0.00,-0.13,-0.13,0.00,-0.15,-0.15,0.00,0.00,1,BASIC,L
EHSS,244600-819H,GNC DESIGN  DEVELOPMENT  SUPPORT,BASIC,C,FFP,LEH244600,HJX,819H,201101,0.00,5.00,205.00,0.00,0.00,11160.20,294.58,0.00,28607.30,780.33,0.00,1,BASIC,L
EHSS,244600-819H,GNC DESIGN  DEVELOPMENT  SUPPORT,BASIC,C,FFP,LEH244600,HJX,819H,201102,0.00,0.00,80.24,0.00,0.00,4368.27,0.00,0.00,11197.31,0.00,0.00,1,BASIC,L
EHSS,245220-819H,SOFTWARE - LD 1.2 - GNC,BASIC,C,FFP,LEH245220,HJX,819H,201101,0.00,10.00,44.00,0.00,0.00,2395.36,703.17,0.00,6140.10,1862.67,0.00,1,BASIC,L
EHSS,245220-819H,SOFTWARE - LD 1.2 - GNC,BASIC,C,FFP,LEH245220,HJX,819H,201102,0.00,1.00,12.00,0.00,0.00,653.28,72.18,0.00,1674.57,191.20,0.00,1,BASIC,L
EHSS,245220-819H,SOFTWARE - LD 1.2 - GNC,BASIC,C,FFP,LEH245220,HJX,819H,201103,0.00,0.00,12.00,0.00,0.00,653.28,0.00,0.00,1674.57,0.00,0.00,1,BASIC,L
EHSS,246000-3A4A,Crash Recorder Re-Work,BASIC,C,FFP,LEH246000,HEX,3A4A,201103,0.00,85.00,0.00,0.00,0.00,0.00,2549.15,0.00,0.00,8999.62,0.00,1,BASIC,L
EHSS,246000-811H,Crash Recorder - Mass Properties - PCR 20120,BASIC,C,FFP,LEH246000,HBX,811H,201103,0.00,0.00,40.00,0.00,0.00,2177.60,0.00,0.00,5581.91,0.00,0.00,1,BASIC,L
EHSS,246000-811H,Crash Recorder - Mass Properties - PCR 20120,BASIC,C,FFP,LEH246000,HBX,811H,201104,0.00,8.00,20.00,0.00,0.00,1088.80,385.39,0.00,2790.96,1020.88,0.00,1,BASIC,L
EHSS,246000-HEEN,Crash Recorder Detail-Design,BASIC,C,FFP,LEH246000,HEX,818H,201101,0.00,49.00,14.99,0.00,0.00,754.00,1521.45,0.00,1935.76,4030.26,0.00,1,BASIC,L
EHSS,246000-HEEN,Crash Recorder Detail-Design,BASIC,C,FFP,LEH246000,HEX,818H,201102,0.00,105.50,4.75,0.00,0.00,238.92,3275.79,0.00,613.40,8677.44,0.00,1,BASIC,L
EHSS,246000-HEEN,Crash Recorder Detail-Design,BASIC,C,FFP,LEH246000,HEX,818H,201103,0.00,12.50,-2.50,0.00,0.00,-125.75,403.64,0.00,-322.84,1069.23,0.00,1,BASIC,L
EHSS,246000-HEEN,Crash Recorder Detail-Design,BASIC,C,FFP,LEH246000,HEX,818H,201104,0.00,17.00,0.00,0.00,0.00,0.00,548.93,0.00,0.00,1454.09,0.00,1,BASIC,L
EHSS,246000-HEEN,Crash Recorder Detail-Design,BASIC,C,FFP,LEH246000,HEX,818H,201105,0.00,19.50,0.00,0.00,0.00,0.00,629.66,0.00,0.00,1667.95,0.00,1,BASIC,L
EHSS,246000-HEEN,Crash Recorder Detail-Design,BASIC,C,FFP,LEH246000,HEX,818H,201106,0.00,26.00,1.25,0.00,0.00,62.87,840.00,0.00,161.42,2225.13,0.00,1,BASIC,L
EHSS,246000-HEEN,Crash Recorder Detail-Design,BASIC,C,FFP,LEH246000,HEX,818H,201107,0.00,6.00,0.00,6.00,0.00,0.00,195.52,0.00,0.00,517.93,0.00,1,BASIC,L
EHSS,246000-HEEN,Crash Recorder Detail-Design,BASIC,C,FFP,LEH246000,HEX,818H,201108,0.00,2.00,0.00,2.00,0.00,0.00,80.60,0.00,0.00,213.51,0.00,1,BASIC,L
EHSS,246000-HEEN,Crash Recorder Detail-Design,BASIC,C,FFP,LEH246000,HEX,818H,201110,0.00,2.50,0.00,3.00,0.00,0.00,85.18,0.00,0.00,225.64,0.00,1,BASIC,L
EHSS,246000-HEEN,Crash Recorder Detail-Design,BASIC,C,FFP,LEH246000,HEX,818H,201112,0.00,3.00,0.00,3.00,0.00,0.00,102.21,0.00,0.00,270.75,0.00,1,BASIC,L
EHSS,246000-HEEN,Crash Recorder Detail-Design,BASIC,C,FFP,LEH246000,HEX,818H,201201,0.00,0.00,0.00,0.00,0.00,0.00,0.00,0.00,0.00,0.00,23.87,1,BASIC,L
EHSS,246000-HEEN,Crash Recorder Detail-Design,BASIC,C,FFP,LEH246000,HEX,818H,201202,0.00,1.00,0.00,1.00,0.00,0.00,34.07,0.00,0.00,94.97,159.40,1,BASIC,L
EHSS,246000-HEEN,Crash Recorder Detail-Design,BASIC,C,FFP,LEH246000,HEX,818H,201203,0.00,0.00,0.00,10.00,0.00,0.00,0.00,0.00,0.00,0.00,1576.93,1,BASIC,L
EHSS,246000-9G28,Crash Recorder Re-Test,BASIC,C,FFP,LEH246000,HEX,9G28,201103,0.00,23.00,0.00,0.00,0.00,0.00,803.85,0.00,0.00,2129.37,0.00,1,BASIC,L
EHSS,248000-3J47,EUROHAWK COMPOSITE MFG. ENG SUSTAINING,BASIC,C,FFP,LEH248000,HDX,3J47,201105,0.00,0.00,0.00,0.00,0.00,-0.02,0.00,0.00,-0.07,0.00,0.00,1,BASIC,L
EHSS,248000-3D82,PRODUCTION PLANNING,BASIC,C,FFP,LEH248000,H00,3D82,201112,0.00,-42.50,0.00,0.00,0.00,0.00,-1640.08,0.00,0.00,-5790.20,0.00,1,BASIC,L
EHSS,011400-4A1G1400,GH PRODUCTION - Section 1400,BASIC,C,FFP,LG7011400,HHX,4A1G,201101,0.00,0.00,743.00,0.00,0.00,25692.94,0.00,0.00,97703.57,0.00,0.00,1,BASIC,L
EHSS,011400-4A1G1400,GH PRODUCTION - Section 1400,BASIC,C,FFP,LG7011400,HHX,4A1G,201102,743.00,0.00,0.00,0.00,25692.94,0.00,0.00,97703.57,0.00,0.00,0.00,1,BASIC,L
EHSS,011400-3A4A,RBDC - Avionics Development Center,BASIC,C,FFP,LEH253140,HEX,3A4A,201103,0.00,-108.00,0.00,0.00,0.00,0.00,-3353.00,0.00,0.00,-11128.99,0.00,1,BASIC,L
EHSS,011700-3A4A,ASSY LBR ACTUALS (EL SEG L33A4A),BASIC,C,FFP,N/A,HEX,3A4A,201103,0.00,0.00,0.00,0.00,0.00,0.00,0.04,0.00,0.00,0.11,0.00,1,BASIC,L
EHSS,2531LE-4A1G,GH PRODUCTION - Section 1400 ATP Retest,LATE GFE,C,FFP,LEH2531LE,HHX,4A1G,201102,-620.00,0.00,-620.00,0.00,-30545.60,-30545.60,0.00,-77467.29,-77467.29,0.00,0.00,1,LATE GFE,L
EHSS,2531L2-HBEN,LGFE MASS PROPERTIES,LATE GFE,C,CPFF,LEH2531L2,HBX,811H,201101,27.00,0.00,0.00,0.00,1469.88,0.00,0.00,4020.11,0.00,0.00,0.00,2,LATE GFE,L
EHSS,2531L2-HBEN,LGFE MASS PROPERTIES,LATE GFE,C,CPFF,LEH2531L2,HBX,811H,201103,0.00,2.50,0.00,3.00,0.00,0.00,120.38,0.00,0.00,318.88,0.00,2,LATE GFE,L
EHSS,2531L2-HBEN,LGFE MASS PROPERTIES,LATE GFE,C,CPFF,LEH2531L2,HBX,811H,201104,0.00,11.00,0.00,11.00,0.00,0.00,529.66,0.00,0.00,1403.05,0.00,2,LATE GFE,L
EHSS,2531L2-HBEN,LGFE MASS PROPERTIES,LATE GFE,C,CPFF,LEH2531L2,HBX,811H,201105,0.00,-13.50,0.00,0.00,0.00,0.00,-650.04,0.00,0.00,-1721.93,0.00,2,LATE GFE,L
EHSS,2531L2-HBEN,LGFE MASS PROPERTIES,LATE GFE,C,CPFF,LEH2531L2,HBX,811H,201107,0.00,3.00,0.00,3.00,0.00,0.00,144.46,0.00,0.00,382.67,0.00,2,LATE GFE,L
EHSS,2531L2-HBEN,LGFE MASS PROPERTIES,LATE GFE,C,CPFF,LEH2531L2,HBX,811H,201110,0.00,3.00,0.00,3.00,0.00,0.00,150.16,0.00,0.00,397.77,0.00,2,LATE GFE,L
EHSS,2531L2-HBEN,LGFE MASS PROPERTIES,LATE GFE,C,CPFF,LEH2531L2,HBX,811H,201202,0.00,72.40,27.00,72.00,0.00,1469.88,3666.12,0.00,3767.79,10219.56,11476.59,2,LATE GFE,L
EHSS,2531L2-HBEN,LGFE MASS PROPERTIES,LATE GFE,C,CPFF,LEH2531L2,HBX,811H,201203,0.00,29.50,0.00,40.00,0.00,0.00,1518.37,0.00,0.00,4232.56,6307.71,2,LATE GFE,L
EHSS,2531L2-HBEN,LGFE MASS PROPERTIES,LATE GFE,C,CPFF,LEH2531L2,HBX,811H,201204,0.00,0.00,0.00,11.00,0.00,0.00,0.00,0.00,0.00,0.00,1734.62,2,LATE GFE,L
EHSS,2712JM-HJMP,MPET Development,JMPS,C,FFP,LEH2712JM,HJX,819H,201101,300.00,75.50,300.00,0.00,16332.00,16332.00,2500.35,44667.84,44667.84,6623.33,0.00,1,JMPS,L
EHSS,2712JM-HJMP,MPET Development,JMPS,C,FFP,LEH2712JM,HJX,819H,201102,100.00,48.50,50.00,0.00,5444.00,2722.00,1675.98,14889.28,7444.64,4439.61,0.00,1,JMPS,L
EHSS,2712JM-HJMP,MPET Development,JMPS,C,FFP,LEH2712JM,HJX,819H,201103,100.00,118.00,50.00,0.00,5444.00,2722.00,4091.45,14889.28,7444.64,10838.10,0.00,1,JMPS,L
EHSS,2712JM-HJMP,MPET Development,JMPS,C,FFP,LEH2712JM,HJX,819H,201104,100.00,87.30,150.00,0.00,5444.00,8166.00,2977.68,14889.28,22333.92,7887.76,0.00,1,JMPS,L
EHSS,2712JM-HJMP,MPET Development,JMPS,C,FFP,LEH2712JM,HJX,819H,201105,0.00,9.00,0.00,0.00,0.00,0.00,319.15,0.00,0.00,845.42,0.00,1,JMPS,L
EHSS,2712JM-HJMP,MPET Development,JMPS,C,FFP,LEH2712JM,HJX,819H,201106,0.00,70.00,0.00,0.00,0.00,0.00,2453.00,0.00,0.00,6497.91,0.00,1,JMPS,L
EHSS,2712JM-HJMP,MPET Development,JMPS,C,FFP,LEH2712JM,HJX,819H,201107,0.00,44.00,0.00,44.00,0.00,0.00,1573.02,0.00,0.00,4166.87,0.00,1,JMPS,L
EHSS,2712JM-HJMP,MPET Development,JMPS,C,FFP,LEH2712JM,HJX,819H,201108,160.00,28.00,125.60,28.00,8710.40,6837.66,1001.00,23822.85,18700.93,2651.61,0.00,1,JMPS,L
EHSS,2712JM-HJMP,MPET Development,JMPS,C,FFP,LEH2712JM,HJX,819H,201109,160.00,39.00,64.00,39.00,8710.40,3484.16,1386.46,23822.85,9529.14,3672.68,0.00,1,JMPS,L
EHSS,2712JM-HJMP,MPET Development,JMPS,C,FFP,LEH2712JM,HJX,819H,201110,160.00,93.30,67.20,93.00,8710.40,3658.37,3328.60,23822.85,10005.59,8817.34,0.00,1,JMPS,L
EHSS,2712JM-HJMP,MPET Development,JMPS,C,FFP,LEH2712JM,HJX,819H,201111,0.00,84.50,76.80,85.00,0.00,4180.99,2889.95,0.00,11434.97,7655.37,0.00,1,JMPS,L
EHSS,2712JM-HJMP,MPET Development,JMPS,C,FFP,LEH2712JM,HJX,819H,201112,0.00,28.50,0.00,29.00,0.00,0.00,1056.63,0.00,0.00,2798.97,0.00,1,JMPS,L
EHSS,2712JM-HJMP,MPET Development,JMPS,C,FFP,LEH2712JM,HJX,819H,201201,0.00,70.00,0.00,70.00,0.00,0.00,2883.83,0.00,0.00,8484.12,11379.10,1,JMPS,L
EHSS,2712JM-HJMP,MPET Development,JMPS,C,FFP,LEH2712JM,HJX,819H,201202,0.00,35.40,0.00,35.00,0.00,0.00,1248.57,0.00,0.00,3480.47,5839.25,1,JMPS,L
EHSS,2712JM-HJMP,MPET Development,JMPS,C,FFP,LEH2712JM,HJX,819H,201203,0.00,17.10,0.00,62.00,0.00,0.00,790.17,0.00,0.00,2202.65,9776.95,1,JMPS,L
EHSS,2712JM-HJMP,MPET Development,JMPS,C,FFP,LEH2712JM,HJX,819H,201204,0.00,0.00,0.00,55.00,0.00,0.00,0.00,0.00,0.00,0.00,8673.10,1,JMPS,L
EHSS,2711GM-HDME,GROUND SEGMENT MOD CR20180,Ground Segment Mod,C,FFP,LEH2711GM,HDX,3J47,201201,27.00,0.00,0.00,0.00,1334.61,0.00,0.00,4969.81,0.00,0.00,0.00,1,GSMOD,L
EHSS,2711GM-HDME,GROUND SEGMENT MOD CR20180,Ground Segment Mod,C,FFP,LEH2711GM,HDX,3J47,201202,0.00,8.00,27.00,0.00,0.00,1334.61,222.33,0.00,4969.81,813.37,0.00,1,GSMOD,L
EHSS,283214-3J48,PCR 20035 - SMU PN CHANGE,BASIC,C,CPFF,LEH283214,HEX,3J48,201101,10.00,2.58,0.00,0.00,462.90,0.00,118.70,1760.29,0.00,419.06,0.00,4,BASIC,L
EHSS,283214-3J48,PCR 20035 - SMU PN CHANGE,BASIC,C,CPFF,LEH283214,HEX,3J48,201102,6.00,2.03,0.00,0.00,277.74,0.00,102.19,1056.17,0.00,360.78,0.00,4,BASIC,L
EHSS,283214-3J48,PCR 20035 - SMU PN CHANGE,BASIC,C,CPFF,LEH283214,HEX,3J48,201103,13.00,-1.00,15.09,0.00,601.77,698.52,-50.02,2288.37,2465.09,-176.59,0.00,4,BASIC,L
EHSS,283214-3J48,PCR 20035 - SMU PN CHANGE,BASIC,C,CPFF,LEH283214,HEX,3J48,201104,0.00,17.43,19.35,0.00,0.00,895.71,675.93,0.00,3406.16,2386.33,0.00,4,BASIC,L
EHSS,283214-3J48,PCR 20035 - SMU PN CHANGE,BASIC,C,CPFF,LEH283214,HEX,3J48,201105,0.00,40.14,34.10,0.00,0.00,1578.49,1916.01,0.00,5643.59,6764.36,0.00,4,BASIC,L
EHSS,283214-3J48,PCR 20035 - SMU PN CHANGE,BASIC,C,CPFF,LEH283214,HEX,3J48,201106,0.00,2.00,0.00,0.00,0.00,0.00,65.00,0.00,0.00,229.48,0.00,4,BASIC,L
EHSS,283214-3J48,PCR 20035 - SMU PN CHANGE,BASIC,C,CPFF,LEH283214,HEX,3J48,201107,0.00,0.00,-2.15,0.00,0.00,-99.52,0.00,0.00,-348.55,0.00,0.00,4,BASIC,L
EHSS,283214-3J48,PCR 20035 - SMU PN CHANGE,BASIC,C,CPFF,LEH283214,HEX,3J48,201108,0.00,1.56,2.15,0.00,0.00,99.52,82.91,0.00,348.55,292.71,0.00,4,BASIC,L
EHSS,283214-818H,PCR 20035 - SMU PN CHANGE,BASIC,C,CPFF,LEH283214,HEX,818H,201101,0.00,0.00,28.80,0.00,0.00,1567.87,0.00,0.00,4018.98,0.00,0.00,4,BASIC,L
EHSS,283214-814H,PCR 20035 - SMU PN CHANGE,BASIC,C,CPFF,LEH283214,HEX,814H,201101,72.00,0.00,0.00,0.00,3919.68,0.00,0.00,10720.28,0.00,0.00,0.00,4,BASIC,L
EHSS,283214-814H,PCR 20035 - SMU PN CHANGE,BASIC,C,CPFF,LEH283214,HEX,814H,201102,80.00,8.00,0.00,0.00,4355.20,0.00,259.28,11911.42,0.00,686.82,0.00,4,BASIC,L
EHSS,283214-814H,PCR 20035 - SMU PN CHANGE,BASIC,C,CPFF,LEH283214,HEX,814H,201103,40.00,104.70,84.00,0.00,2177.60,4572.96,3579.80,5955.71,12207.95,9482.76,0.00,4,BASIC,L
EHSS,283214-814H,PCR 20035 - SMU PN CHANGE,BASIC,C,CPFF,LEH283214,HEX,814H,201104,0.00,108.50,136.00,0.00,0.00,7403.84,4691.50,0.00,20249.42,12427.61,0.00,4,BASIC,L
EHSS,283214-814H,PCR 20035 - SMU PN CHANGE,BASIC,C,CPFF,LEH283214,HEX,814H,201105,0.00,10.50,36.00,0.00,0.00,1959.84,442.19,0.00,5061.10,1171.34,0.00,4,BASIC,L
EHSS,283214-814H,PCR 20035 - SMU PN CHANGE,BASIC,C,CPFF,LEH283214,HEX,814H,201107,0.00,0.00,-4.00,0.00,0.00,-217.76,0.00,0.00,-558.19,0.00,0.00,4,BASIC,L
EHSS,283214-814H,PCR 20035 - SMU PN CHANGE,BASIC,C,CPFF,LEH283214,HEX,814H,201108,0.00,4.00,4.00,0.00,0.00,217.76,248.40,0.00,558.19,658.00,0.00,4,BASIC,L
EHSS,283214-811H,PCR 20035 - SMU PN CHANGE,BASIC,C,CPFF,LEH283214,HBX,811H,201105,40.00,0.00,40.00,0.00,2177.60,2177.60,0.00,5955.71,5955.71,0.00,0.00,4,BASIC,L
EHSS,283214-811H,PCR 20035 - SMU PN CHANGE,BASIC,C,CPFF,LEH283214,HBX,811H,201106,0.00,13.00,0.00,0.00,0.00,0.00,631.00,0.00,0.00,1671.50,0.00,4,BASIC,L
EHSS,292002-811H,EAFB Flight Test - AV Analysis,BASIC,C,CPFF,LEH292002,HBX,811H,201101,29.00,0.00,0.00,0.00,1578.76,0.00,0.00,4317.89,0.00,0.00,0.00,2,BASIC,L
EHSS,292002-811H,EAFB Flight Test - AV Analysis,BASIC,C,CPFF,LEH292002,HBX,811H,201102,58.00,0.00,58.00,0.00,3157.52,3157.52,0.00,8635.78,8635.78,0.00,0.00,2,BASIC,L
EHSS,292002-811H,EAFB Flight Test - AV Analysis,BASIC,C,CPFF,LEH292002,HBX,811H,201103,43.00,56.20,37.10,0.00,2340.92,2019.72,2961.80,6402.39,5523.92,7845.70,0.00,2,BASIC,L
EHSS,292002-811H,EAFB Flight Test - AV Analysis,BASIC,C,CPFF,LEH292002,HBX,811H,201104,54.00,-1.10,40.50,0.00,2939.76,2204.82,-81.70,8040.21,6030.16,-216.42,0.00,2,BASIC,L
EHSS,292002-811H,EAFB Flight Test - AV Analysis,BASIC,C,CPFF,LEH292002,HBX,811H,201105,94.00,49.00,77.60,0.00,5117.36,4224.54,2413.27,13995.92,11554.08,6392.66,0.00,2,BASIC,L
EHSS,292002-811H,EAFB Flight Test - AV Analysis,BASIC,C,CPFF,LEH292002,HBX,811H,201106,54.00,39.00,118.80,0.00,2939.76,6467.47,2045.00,8040.21,17688.46,5417.13,0.00,2,BASIC,L
EHSS,292002-815H,EAFB Flight Test - Subsystems,BASIC,C,CPFF,LEH292002,HEX,815H,201101,22.00,0.00,0.00,0.00,1197.68,0.00,0.00,3275.64,0.00,0.00,0.00,2,BASIC,L
EHSS,292002-815H,EAFB Flight Test - Subsystems,BASIC,C,CPFF,LEH292002,HEX,815H,201102,44.00,47.10,44.00,0.00,2395.36,2395.36,2188.36,6551.28,6551.28,5796.88,0.00,2,BASIC,L
EHSS,292002-815H,EAFB Flight Test - Subsystems,BASIC,C,CPFF,LEH292002,HEX,815H,201103,31.00,11.40,29.85,0.00,1687.64,1625.03,759.71,4615.68,4444.45,2012.44,0.00,2,BASIC,L
EHSS,292002-815H,EAFB Flight Test - Subsystems,BASIC,C,CPFF,LEH292002,HEX,815H,201104,49.00,18.30,39.25,0.00,2667.56,2136.77,1201.01,7295.75,5844.04,3181.43,0.00,2,BASIC,L
EHSS,292002-815H,EAFB Flight Test - Subsystems,BASIC,C,CPFF,LEH292002,HEX,815H,201105,99.00,136.10,29.85,0.00,5389.56,1625.03,6870.35,14740.39,4444.45,18199.30,0.00,2,BASIC,L
EHSS,292002-815H,EAFB Flight Test - Subsystems,BASIC,C,CPFF,LEH292002,HEX,815H,201106,49.00,209.00,146.15,0.00,2667.56,7956.41,11199.00,7295.75,21760.68,29665.73,0.00,2,BASIC,L
EHSS,292002-815H,EAFB Flight Test - Subsystems,BASIC,C,CPFF,LEH292002,HEX,815H,201107,0.00,2.30,4.90,0.00,0.00,266.76,151.86,0.00,729.57,402.27,0.00,2,BASIC,L
EHSS,292002-816H,EAFB Flight Test - Liaison Engineer,BASIC,C,CPFF,LEH292002,HHX,816H,201101,2.00,0.00,2.00,0.00,108.88,108.88,0.00,297.79,297.79,0.00,0.00,2,BASIC,L
EHSS,292002-816H,EAFB Flight Test - Liaison Engineer,BASIC,C,CPFF,LEH292002,HHX,816H,201102,4.00,0.00,4.00,0.00,217.76,217.76,0.00,595.57,595.57,0.00,0.00,2,BASIC,L
EHSS,292002-816H,EAFB Flight Test - Liaison Engineer,BASIC,C,CPFF,LEH292002,HHX,816H,201103,2.00,0.00,2.75,0.00,108.88,149.71,0.00,297.79,409.46,0.00,0.00,2,BASIC,L
EHSS,292002-816H,EAFB Flight Test - Liaison Engineer,BASIC,C,CPFF,LEH292002,HHX,816H,201104,5.00,4.50,3.75,0.00,272.20,204.15,196.91,744.46,558.35,521.61,0.00,2,BASIC,L
EHSS,292002-816H,EAFB Flight Test - Liaison Engineer,BASIC,C,CPFF,LEH292002,HHX,816H,201105,10.00,16.00,4.50,0.00,544.40,244.98,842.46,1488.93,670.02,2231.64,0.00,2,BASIC,L
EHSS,292002-816H,EAFB Flight Test - Liaison Engineer,BASIC,C,CPFF,LEH292002,HHX,816H,201106,5.00,28.00,11.00,0.00,272.20,598.84,1313.00,744.46,1637.82,3478.09,0.00,2,BASIC,L
EHSS,292002-818H,EAFB Flight Test - Avionicstems,BASIC,C,CPFF,LEH292002,HEX,818H,201101,31.00,0.00,0.00,0.00,1687.64,0.00,0.00,4615.68,0.00,0.00,0.00,2,BASIC,L
EHSS,292002-818H,EAFB Flight Test - Avionicstems,BASIC,C,CPFF,LEH292002,HEX,818H,201102,63.00,40.90,63.00,0.00,3429.72,3429.72,2109.04,9380.25,9380.25,5586.77,0.00,2,BASIC,L
EHSS,292002-818H,EAFB Flight Test - Avionicstems,BASIC,C,CPFF,LEH292002,HEX,818H,201103,55.00,8.80,42.45,0.00,2994.20,2310.98,357.82,8189.10,6320.50,947.85,0.00,2,BASIC,L
EHSS,292002-818H,EAFB Flight Test - Avionicstems,BASIC,C,CPFF,LEH292002,HEX,818H,201104,73.00,9.30,54.75,0.00,3974.12,2980.59,397.69,10869.17,8151.88,1053.47,0.00,2,BASIC,L
EHSS,292002-818H,EAFB Flight Test - Avionicstems,BASIC,C,CPFF,LEH292002,HEX,818H,201105,123.00,74.30,42.45,0.00,6696.12,2310.98,2936.37,18313.81,6320.50,7778.33,0.00,2,BASIC,L
EHSS,292002-818H,EAFB Flight Test - Avionicstems,BASIC,C,CPFF,LEH292002,HEX,818H,201106,73.00,108.00,208.05,0.00,3974.12,11326.24,5448.00,10869.17,30977.14,14431.55,0.00,2,BASIC,L
EHSS,292002-818H,EAFB Flight Test - Avionicstems,BASIC,C,CPFF,LEH292002,HEX,818H,201107,0.00,1.00,7.30,0.00,0.00,397.41,42.54,0.00,1086.92,112.69,0.00,2,BASIC,L
EHSS,292002-819H,EAFB Flight Test - GNC,BASIC,C,CPFF,LEH292002,HJX,819H,201101,241.00,0.00,0.00,0.00,13120.04,0.00,0.00,35883.16,0.00,0.00,0.00,2,BASIC,L
EHSS,292002-819H,EAFB Flight Test - GNC,BASIC,C,CPFF,LEH292002,HJX,819H,201102,482.00,28.70,501.28,0.00,26240.08,27289.68,1377.45,71766.32,74636.98,3648.81,0.00,2,BASIC,L
EHSS,292002-819H,EAFB Flight Test - GNC,BASIC,C,CPFF,LEH292002,HJX,819H,201103,303.00,85.00,268.52,0.00,16495.32,14618.23,5582.36,45114.51,39980.69,14787.46,0.00,2,BASIC,L
EHSS,292002-819H,EAFB Flight Test - GNC,BASIC,C,CPFF,LEH292002,HJX,819H,201104,312.00,38.30,354.50,0.00,16985.28,19298.98,2222.23,46454.55,52782.49,5886.60,0.00,2,BASIC,L
EHSS,292002-819H,EAFB Flight Test - GNC,BASIC,C,CPFF,LEH292002,HJX,819H,201105,562.00,130.00,354.50,0.00,30595.28,19298.98,6031.20,83677.75,52782.49,15976.42,0.00,2,BASIC,L
EHSS,292002-819H,EAFB Flight Test - GNC,BASIC,C,CPFF,LEH292002,HJX,819H,201106,312.00,368.00,730.08,0.00,16985.28,39745.56,17156.00,46454.55,108703.65,45445.60,0.00,2,BASIC,L
EHSS,292002-819H,EAFB Flight Test - GNC,BASIC,C,CPFF,LEH292002,HJX,819H,201107,0.00,48.10,3.12,0.00,0.00,169.85,1989.76,0.00,464.55,5270.80,0.00,2,BASIC,L
EHSS,292002-814H,CR 20207 - LD1.2 Comms Installation - AV Eng,BASIC,C,CPFF,LEH292002,HEX,,201102,90.00,0.00,36.00,0.00,4899.60,1959.84,0.00,13400.35,5360.14,0.00,0.00,2,BASIC,L
EHSS,292002-814H,CR 20207 - LD1.2 Comms Installation - AV Eng,BASIC,C,CPFF,LEH292002,HEX,,201103,30.00,0.00,0.00,0.00,1633.20,0.00,0.00,4466.78,0.00,0.00,0.00,2,BASIC,L
EHSS,292002-814H,CR 20207 - LD1.2 Comms Installation - AV Eng,BASIC,C,CPFF,LEH292002,HEX,,201104,0.00,35.50,39.90,0.00,0.00,2172.16,1358.91,0.00,5940.82,3599.70,0.00,2,BASIC,L
EHSS,292002-814H,CR 20207 - LD1.2 Comms Installation - AV Eng,BASIC,C,CPFF,LEH292002,HEX,,201105,0.00,0.00,4.20,0.00,0.00,228.65,0.00,0.00,625.35,0.00,0.00,2,BASIC,L
EHSS,292002-814H,CR 20207 - LD1.2 Comms Installation - AV Eng,BASIC,C,CPFF,LEH292002,HEX,,201106,0.00,11.00,0.00,0.00,0.00,0.00,683.00,0.00,0.00,1809.24,0.00,2,BASIC,L
EHSS,292002-814H,CR 20207 - LD1.2 Comms Installation - AV Eng,BASIC,C,CPFF,LEH292002,HEX,,201107,0.00,26.00,35.70,0.00,0.00,1943.51,1548.00,0.00,5315.47,4100.59,0.00,2,BASIC,L
EHSS,292002-814H,CR 20207 - LD1.2 Comms Installation - AV Eng,BASIC,C,CPFF,LEH292002,HEX,,201108,0.00,11.60,0.00,0.00,0.00,0.00,375.04,0.00,0.00,993.47,0.00,2,BASIC,L
EHSS,292002-814H,CR 20207 - LD1.2 Comms Installation - AV Eng,BASIC,C,CPFF,LEH292002,HEX,,201109,0.00,0.00,4.20,0.00,0.00,228.65,0.00,0.00,625.35,0.00,0.00,2,BASIC,L
EHSS,292002-814H,CR 20207 - LD1.2 Comms Installation - AV Eng,BASIC,C,CPFF,LEH292002,HEX,,201111,0.00,1.10,0.00,0.00,0.00,0.00,67.76,0.00,0.00,179.49,0.00,2,BASIC,L
EHSS,292002-814H,CR 20207 - LD1.2 Comms Installation - AV Eng,BASIC,C,CPFF,LEH292002,HEX,,201112,0.00,6.00,0.00,0.00,0.00,0.00,188.34,0.00,0.00,498.91,0.00,2,BASIC,L
EHSS,292002-3J48,CR 20207 - LD1.2 Comms Installation - ME Supt,BASIC,C,CPFF,LEH292002,HEX,,201101,0.00,41.65,0.00,0.00,0.00,0.00,1760.05,0.00,0.00,6213.75,0.00,2,BASIC,L
EHSS,292002-3J48,CR 20207 - LD1.2 Comms Installation - ME Supt,BASIC,C,CPFF,LEH292002,HEX,,201102,50.00,0.02,45.80,0.00,2314.50,2120.08,1.21,8801.44,8062.12,4.27,0.00,2,BASIC,L
EHSS,292002-3J48,CR 20207 - LD1.2 Comms Installation - ME Supt,BASIC,C,CPFF,LEH292002,HEX,,201103,39.00,0.00,20.20,0.00,1805.31,935.06,0.00,6865.12,3555.78,0.00,0.00,2,BASIC,L
EHSS,292002-3J48,CR 20207 - LD1.2 Comms Installation - ME Supt,BASIC,C,CPFF,LEH292002,HEX,,201104,0.00,3.06,6.90,0.00,0.00,319.40,87.40,0.00,1214.60,308.56,0.00,2,BASIC,L
EHSS,292002-3J48,CR 20207 - LD1.2 Comms Installation - ME Supt,BASIC,C,CPFF,LEH292002,HEX,,201105,0.00,1.53,0.00,0.00,0.00,0.00,43.59,0.00,0.00,153.89,0.00,2,BASIC,L
EHSS,292002-3J48,CR 20207 - LD1.2 Comms Installation - ME Supt,BASIC,C,CPFF,LEH292002,HEX,,201106,0.00,5.00,0.00,0.00,0.00,0.00,247.00,0.00,0.00,872.02,0.00,2,BASIC,L
EHSS,292002-3J48,CR 20207 - LD1.2 Comms Installation - ME Supt,BASIC,C,CPFF,LEH292002,HEX,,201107,0.00,0.00,13.80,0.00,0.00,638.80,0.22,0.00,2429.20,0.78,0.00,2,BASIC,L
EHSS,292002-3J48,CR 20207 - LD1.2 Comms Installation - ME Supt,BASIC,C,CPFF,LEH292002,HEX,,201108,0.00,8.21,0.00,0.00,0.00,0.00,298.66,0.00,0.00,1054.40,0.00,2,BASIC,L
EHSS,292002-3J48,CR 20207 - LD1.2 Comms Installation - ME Supt,BASIC,C,CPFF,LEH292002,HEX,,201109,0.00,8.15,2.30,0.00,0.00,106.47,374.97,0.00,404.87,1323.81,0.00,2,BASIC,L
EHSS,292002-3J48,CR 20207 - LD1.2 Comms Installation - ME Supt,BASIC,C,CPFF,LEH292002,HEX,,201110,0.00,0.00,0.00,0.00,0.00,0.00,0.07,0.00,0.00,0.25,0.00,2,BASIC,L
EHSS,292002-3J48,CR 20207 - LD1.2 Comms Installation - ME Supt,BASIC,C,CPFF,LEH292002,HEX,,201111,0.00,4.56,0.00,0.00,0.00,0.00,222.38,0.00,0.00,785.10,0.00,2,BASIC,L
EHSS,2920F2-811H,EAFB Flight Test (AF) - AV Analysis,ADDL FLTS,C,CPFF,LEH2920F2,HBX,811H,201101,0.00,16.00,0.00,0.00,0.00,0.00,746.21,0.00,0.00,1976.68,0.00,2,ADDL FLTS,L
EHSS,2920F2-811H,EAFB Flight Test (AF) - AV Analysis,ADDL FLTS,C,CPFF,LEH2920F2,HBX,811H,201102,215.00,1.00,0.00,0.00,11704.60,0.00,46.79,32011.95,0.00,123.94,0.00,2,ADDL FLTS,L
EHSS,2920F2-811H,EAFB Flight Test (AF) - AV Analysis,ADDL FLTS,C,CPFF,LEH2920F2,HBX,811H,201103,-80.00,2.50,21.50,0.00,-4355.20,1170.46,177.80,-11163.82,3201.19,470.99,0.00,2,ADDL FLTS,L
EHSS,2920F2-811H,EAFB Flight Test (AF) - AV Analysis,ADDL FLTS,C,CPFF,LEH2920F2,HBX,811H,201104,0.00,3.50,107.50,0.00,0.00,5852.30,156.03,0.00,16005.98,413.32,0.00,2,ADDL FLTS,L
EHSS,2920F2-811H,EAFB Flight Test (AF) - AV Analysis,ADDL FLTS,C,CPFF,LEH2920F2,HBX,811H,201105,0.00,46.50,0.00,0.00,0.00,0.00,2106.60,0.00,0.00,5580.30,0.00,2,ADDL FLTS,L
EHSS,2920F2-811H,EAFB Flight Test (AF) - AV Analysis,ADDL FLTS,C,CPFF,LEH2920F2,HBX,811H,201106,0.00,2.00,86.00,0.00,0.00,4681.84,89.00,0.00,12804.78,235.76,0.00,2,ADDL FLTS,L
EHSS,2920F2-815H,EAFB Flight Test (AF) - Subsystems,ADDL FLTS,C,CPFF,LEH2920F2,HEX,815H,201101,0.00,45.40,0.00,0.00,0.00,0.00,3155.91,0.00,0.00,8359.89,0.00,2,ADDL FLTS,L
EHSS,2920F2-815H,EAFB Flight Test (AF) - Subsystems,ADDL FLTS,C,CPFF,LEH2920F2,HEX,815H,201102,132.00,-5.70,0.00,0.00,7186.08,0.00,-739.57,19653.85,0.00,-1959.09,0.00,2,ADDL FLTS,L
EHSS,2920F2-815H,EAFB Flight Test (AF) - Subsystems,ADDL FLTS,C,CPFF,LEH2920F2,HEX,815H,201103,-158.00,26.30,132.00,0.00,-8601.52,7186.08,1628.07,-22048.55,19653.85,4312.70,0.00,2,ADDL FLTS,L
EHSS,2920F2-815H,EAFB Flight Test (AF) - Subsystems,ADDL FLTS,C,CPFF,LEH2920F2,HEX,815H,201104,0.00,-2.00,0.00,0.00,0.00,0.00,-108.18,0.00,0.00,-286.56,0.00,2,ADDL FLTS,L
EHSS,2920F2-816H,EAFB Flight Test (AF) - Liaison Eng,ADDL FLTS,C,CPFF,LEH2920F2,HHX,816H,201101,23.00,7.00,23.00,0.00,1252.12,1252.12,383.46,3424.53,3424.53,1015.77,0.00,2,ADDL FLTS,L
EHSS,2920F2-816H,EAFB Flight Test (AF) - Liaison Eng,ADDL FLTS,C,CPFF,LEH2920F2,HHX,816H,201102,23.00,4.00,23.00,0.00,1252.12,1252.12,219.12,3424.53,3424.53,580.44,0.00,2,ADDL FLTS,L
EHSS,2920F2-816H,EAFB Flight Test (AF) - Liaison Eng,ADDL FLTS,C,CPFF,LEH2920F2,HHX,816H,201103,23.00,14.60,23.00,0.00,1252.12,1252.12,727.49,3424.53,3424.53,1927.09,0.00,2,ADDL FLTS,L
EHSS,2920F2-816H,EAFB Flight Test (AF) - Liaison Eng,ADDL FLTS,C,CPFF,LEH2920F2,HHX,816H,201104,11.00,6.50,11.00,0.00,598.84,598.84,342.70,1637.82,1637.82,907.80,0.00,2,ADDL FLTS,L
EHSS,2920F2-816H,EAFB Flight Test (AF) - Liaison Eng,ADDL FLTS,C,CPFF,LEH2920F2,HHX,816H,201105,0.00,4.50,0.00,0.00,0.00,0.00,196.88,0.00,0.00,521.53,0.00,2,ADDL FLTS,L
EHSS,2920F2-816H,EAFB Flight Test (AF) - Liaison Eng,ADDL FLTS,C,CPFF,LEH2920F2,HHX,816H,201106,0.00,-5.00,0.00,0.00,0.00,0.00,-197.00,0.00,0.00,-521.85,0.00,2,ADDL FLTS,L
EHSS,2920F2-HEEN,EAFB Flight Test (AF) - Avionics,ADDL FLTS,C,CPFF,LEH2920F2,HEX,818H,201101,0.00,81.20,0.00,0.00,0.00,0.00,3941.17,0.00,0.00,10440.01,0.00,2,ADDL FLTS,L
EHSS,2920F2-HEEN,EAFB Flight Test (AF) - Avionics,ADDL FLTS,C,CPFF,LEH2920F2,HEX,818H,201102,141.00,39.40,0.00,0.00,7676.04,0.00,1388.48,20993.88,0.00,3678.03,0.00,2,ADDL FLTS,L
EHSS,2920F2-HEEN,EAFB Flight Test (AF) - Avionics,ADDL FLTS,C,CPFF,LEH2920F2,HEX,818H,201103,-164.00,121.00,39.48,0.00,-8928.16,2149.29,4556.01,-22885.84,5878.29,12068.70,0.00,2,ADDL FLTS,L
EHSS,2920F2-HEEN,EAFB Flight Test (AF) - Avionics,ADDL FLTS,C,CPFF,LEH2920F2,HEX,818H,201104,0.00,56.00,40.89,0.00,0.00,2226.05,2628.20,0.00,6088.23,6962.00,0.00,2,ADDL FLTS,L
EHSS,2920F2-HEEN,EAFB Flight Test (AF) - Avionics,ADDL FLTS,C,CPFF,LEH2920F2,HEX,818H,201105,0.00,63.70,0.00,0.00,0.00,0.00,3450.27,0.00,0.00,9139.64,0.00,2,ADDL FLTS,L
EHSS,2920F2-HEEN,EAFB Flight Test (AF) - Avionics,ADDL FLTS,C,CPFF,LEH2920F2,HEX,818H,201106,0.00,14.00,19.74,0.00,0.00,1074.65,-51.00,0.00,2939.14,-135.10,0.00,2,ADDL FLTS,L
EHSS,2920F2-HEEN,EAFB Flight Test (AF) - Avionics,ADDL FLTS,C,CPFF,LEH2920F2,HEX,818H,201107,0.00,32.00,21.15,0.00,0.00,1151.41,1091.92,0.00,3149.08,2892.46,0.00,2,ADDL FLTS,L
EHSS,2920F2-HEEN,EAFB Flight Test (AF) - Avionics,ADDL FLTS,C,CPFF,LEH2920F2,HEX,818H,201108,0.00,56.50,0.00,0.00,0.00,0.00,1997.63,0.00,0.00,5291.65,0.00,2,ADDL FLTS,L
EHSS,2920F2-HEEN,EAFB Flight Test (AF) - Avionics,ADDL FLTS,C,CPFF,LEH2920F2,HEX,818H,201109,0.00,47.00,0.00,0.00,0.00,0.00,1625.52,0.00,0.00,4305.94,0.00,2,ADDL FLTS,L
EHSS,2920F2-HEEN,EAFB Flight Test (AF) - Avionics,ADDL FLTS,C,CPFF,LEH2920F2,HEX,818H,201112,0.00,14.00,0.00,0.00,0.00,0.00,476.98,0.00,0.00,1263.50,0.00,2,ADDL FLTS,L
EHSS,2920F2-HEEN,EAFB Flight Test (AF) - Avionics,ADDL FLTS,C,CPFF,LEH2920F2,HEX,818H,201202,0.00,2.00,19.74,0.00,0.00,1074.65,68.14,0.00,2939.14,189.94,0.00,2,ADDL FLTS,L
EHSS,2920F2-819H,EAFB Flight Test (AF) - GNC,ADDL FLTS,C,CPFF,LEH2920F2,HJX,819H,201101,0.00,919.60,760.67,0.00,0.00,41410.88,42500.54,0.00,113258.28,112582.34,0.00,2,ADDL FLTS,L
EHSS,2920F2-819H,EAFB Flight Test (AF) - GNC,ADDL FLTS,C,CPFF,LEH2920F2,HJX,819H,201102,623.00,341.50,336.84,0.00,33916.12,18337.57,16872.51,92760.21,48403.65,44694.65,0.00,2,ADDL FLTS,L
EHSS,2920F2-819H,EAFB Flight Test (AF) - GNC,ADDL FLTS,C,CPFF,LEH2920F2,HJX,819H,201103,0.00,286.70,162.11,0.00,0.00,8825.27,12205.14,5831.28,24137.02,32330.96,0.00,2,ADDL FLTS,L
EHSS,2920F2-819H,EAFB Flight Test (AF) - GNC,ADDL FLTS,C,CPFF,LEH2920F2,HJX,819H,201104,0.00,82.60,37.41,0.00,0.00,2036.60,3092.56,0.00,5570.09,8192.08,0.00,2,ADDL FLTS,L
EHSS,2920F2-819H,EAFB Flight Test (AF) - GNC,ADDL FLTS,C,CPFF,LEH2920F2,HJX,819H,201105,0.00,45.10,24.94,0.00,0.00,1357.73,2338.50,0.00,3713.38,6194.60,0.00,2,ADDL FLTS,L
EHSS,2920F2-819H,EAFB Flight Test (AF) - GNC,ADDL FLTS,C,CPFF,LEH2920F2,HJX,819H,201106,0.00,-24.00,0.00,0.00,0.00,0.00,-1544.00,0.00,0.00,-4090.00,0.00,2,ADDL FLTS,L
EHSS,295200-811H000B,Baseline AWC Paragraphs - Propulsion,BASIC,C,FFP,LEH295200,HBX,811H,201101,0.00,23.00,0.00,0.00,0.00,0.00,1127.69,0.00,0.00,2987.21,0.00,1,BASIC,L
EHSS,295200-811H000B,Baseline AWC Paragraphs - Propulsion,BASIC,C,FFP,LEH295200,HBX,811H,201102,0.00,20.00,-1.50,0.00,0.00,-54.86,1560.00,0.00,-133.69,4132.38,0.00,1,BASIC,L
EHSS,295200-811H000B,Baseline AWC Paragraphs - Propulsion,BASIC,C,FFP,LEH295200,HBX,811H,201103,0.00,26.00,5.60,0.00,0.00,304.86,1183.73,0.00,781.47,3135.66,0.00,1,BASIC,L
EHSS,295200-811H00C2,Baseline AWC Paragraphs - Mechanical,BASIC,C,FFP,LEH295200,HBX,811H,201101,0.00,208.00,100.00,0.00,0.00,5444.00,10198.24,0.00,13954.78,27014.76,0.00,1,BASIC,L
EHSS,295200-811H00C2,Baseline AWC Paragraphs - Mechanical,BASIC,C,FFP,LEH295200,HBX,811H,201102,0.00,31.50,3.04,0.00,0.00,191.58,1088.12,0.00,497.84,2882.39,0.00,1,BASIC,L
EHSS,295200-811H00C2,Baseline AWC Paragraphs - Mechanical,BASIC,C,FFP,LEH295200,HBX,811H,201103,0.00,20.00,4.40,0.00,0.00,239.54,918.09,0.00,614.01,2431.99,0.00,1,BASIC,L
EHSS,295200-811H00F2,Baseline AWC Paragraphs - Structures,BASIC,C,FFP,LEH295200,HBX,811H,201101,0.00,1.00,80.00,0.00,0.00,4355.20,46.02,0.00,11163.82,121.91,0.00,1,BASIC,L
EHSS,295200-811H00F2,Baseline AWC Paragraphs - Structures,BASIC,C,FFP,LEH295200,HBX,811H,201102,0.00,0.00,40.00,0.00,0.00,2177.60,0.00,0.00,5581.91,0.00,0.00,1,BASIC,L
EHSS,295200-811H00F2,Baseline AWC Paragraphs - Structures,BASIC,C,FFP,LEH295200,HBX,811H,201103,0.00,16.00,7.50,0.00,0.00,408.30,967.04,0.00,1046.61,2561.65,0.00,1,BASIC,L
EHSS,295200-811H00F2,Baseline AWC Paragraphs - Structures,BASIC,C,FFP,LEH295200,HBX,811H,201104,0.00,0.00,2.50,0.00,0.00,136.10,0.00,0.00,348.87,0.00,0.00,1,BASIC,L
EHSS,451202-HESP,ISIS Integration to AV - AV Support,BASIC,C,CPFF,LEH451202,HEX,3J4G,201104,0.00,0.00,0.00,0.00,0.00,0.00,0.00,0.00,0.00,0.00,0.00,2,BASIC,L
EHSS,451202-HESP,ISIS Integration to AV - AV Support,BASIC,C,CPFF,LEH451202,HEX,3J4G,201107,28.00,0.00,0.00,0.00,1296.12,0.00,0.00,4928.81,0.00,0.00,0.00,2,BASIC,L
EHSS,451202-HESP,ISIS Integration to AV - AV Support,BASIC,C,CPFF,LEH451202,HEX,3J4G,201108,28.00,0.00,25.20,0.00,1296.12,1166.51,0.00,4928.81,4435.93,0.00,0.00,2,BASIC,L
EHSS,451202-HESP,ISIS Integration to AV - AV Support,BASIC,C,CPFF,LEH451202,HEX,3J4G,201109,29.00,2.04,14.00,0.00,1342.41,648.06,107.91,5104.84,2464.40,380.97,0.00,2,BASIC,L
EHSS,451202-HESP,ISIS Integration to AV - AV Support,BASIC,C,CPFF,LEH451202,HEX,3J4G,201110,29.00,1.53,28.40,0.00,1342.41,1314.64,71.09,5104.84,4999.22,250.98,0.00,2,BASIC,L
EHSS,451202-HESP,ISIS Integration to AV - AV Support,BASIC,C,CPFF,LEH451202,HEX,3J4G,201111,0.00,5.57,17.40,0.00,0.00,805.45,284.89,0.00,3062.90,1005.79,0.00,2,BASIC,L
EHSS,451202-HESP,ISIS Integration to AV - AV Support,BASIC,C,CPFF,LEH451202,HEX,3J4G,201112,0.00,27.96,17.40,0.00,0.00,805.45,1580.52,0.00,3062.90,5558.18,0.00,2,BASIC,L
EHSS,451202-HESP,ISIS Integration to AV - AV Support,BASIC,C,CPFF,LEH451202,HEX,3J4G,201201,0.00,37.20,11.60,0.00,0.00,536.96,1373.82,0.00,2041.93,4556.74,0.00,2,BASIC,L
EHSS,451202-HESP,ISIS Integration to AV - AV Support,BASIC,C,CPFF,LEH451202,HEX,3J4G,201202,50.00,10.10,5.00,10.00,2867.00,286.70,483.49,8078.33,807.83,1439.01,1702.45,2,BASIC,L
EHSS,451202-HESP,ISIS Integration to AV - AV Support,BASIC,C,CPFF,LEH451202,HEX,3J4G,201203,0.00,10.60,0.00,40.00,0.00,0.00,745.24,0.00,0.00,2077.41,6307.71,2,BASIC,L
EHSS,451212-HJEN,HPx Extraction & MPL Prep (CR EH20287),BASIC,C,CPFF,LEH451212,HJX,819H,201111,60.00,48.10,30.00,0.00,3266.40,1633.20,2235.80,8933.57,4466.78,5922.55,0.00,2,BASIC,L
EHSS,451212-HJEN,HPx Extraction & MPL Prep (CR EH20287),BASIC,C,CPFF,LEH451212,HJX,819H,201112,0.00,29.20,10.20,0.00,0.00,555.29,1320.63,0.00,1518.71,3498.30,0.00,2,BASIC,L
EHSS,451212-HJEN,HPx Extraction & MPL Prep (CR EH20287),BASIC,C,CPFF,LEH451212,HJX,819H,201201,0.00,6.50,40.80,7.00,0.00,2282.05,418.29,0.00,6340.98,1166.01,1115.78,2,BASIC,L
EHSS,451212-HJEN,HPx Extraction & MPL Prep (CR EH20287),BASIC,C,CPFF,LEH451212,HJX,819H,201202,140.00,0.20,0.00,0.00,8027.60,0.00,12.87,22619.33,0.00,35.88,303.75,2,BASIC,L
EHSS,451212-HJEN,HPx Extraction & MPL Prep (CR EH20287),BASIC,C,CPFF,LEH451212,HJX,819H,201203,0.00,9.60,78.40,80.00,0.00,4495.46,437.97,0.00,12666.83,1220.87,12615.42,2,BASIC,L
EHSS,451212-HESP,HPx Extraction & MPL Prep (CR EH20287),Basic,C,CPFF,LEH451212,HEX,818H,201112,0.00,4.00,3.60,4.00,0.00,195.98,244.76,0.00,547.79,648.36,0.00,2,BASIC,L
EHSS,451212-HESP,HPx Extraction & MPL Prep (CR EH20287),Basic,C,CPFF,LEH451212,HEX,818H,201201,0.00,17.00,2.40,17.00,0.00,148.06,841.22,0.00,421.61,2344.96,2722.77,2,BASIC,L
EHSS,451212-HESP,HPx Extraction & MPL Prep (CR EH20287),Basic,C,CPFF,LEH451212,HEX,818H,201202,180.00,123.30,8.40,123.00,10321.20,481.66,6922.41,29082.00,1357.16,19296.69,19974.67,2,BASIC,L
EHSS,451212-HESP,HPx Extraction & MPL Prep (CR EH20287),Basic,C,CPFF,LEH451212,HEX,818H,201203,20.00,159.00,145.60,120.00,1146.80,8348.70,8834.59,3231.33,23524.11,24627.02,18923.13,2,BASIC,L
EHSS,451212-HESP,HPx Extraction & MPL Prep (CR EH20287),Basic,C,CPFF,LEH451212,HEX,818H,201204,0.00,0.00,0.00,39.00,0.00,0.00,0.00,0.00,0.00,0.00,6150.02,2,BASIC,L
EHSS,451222-HEEN,ECS Testing (CR EH20290),BASIC,C,CPFF,LEH451222,HEX,815H,201112,50.00,5.50,6.00,6.00,2722.00,326.64,236.79,7444.64,893.36,627.25,0.00,2,BASIC,L
EHSS,451222-HEEN,ECS Testing (CR EH20290),BASIC,C,CPFF,LEH451222,HEX,815H,201201,140.00,14.10,0.00,14.00,8027.60,0.00,944.26,22619.33,0.00,2632.19,2231.56,2,BASIC,L
EHSS,451222-HEEN,ECS Testing (CR EH20290),BASIC,C,CPFF,LEH451222,HEX,815H,201202,50.00,133.30,174.00,133.00,2867.00,9849.56,8929.58,8078.33,27554.95,24891.81,21199.81,2,BASIC,L
EHSS,451222-HEEN,ECS Testing (CR EH20290),BASIC,C,CPFF,LEH451222,HEX,815H,201203,0.00,25.80,40.00,87.00,0.00,2293.60,1766.92,0.00,6462.67,4925.41,13719.27,2,BASIC,L
EHSS,4711B2-818H,BAF - Conduct BAF Test (RWA 1377 XFER),EMI/EMC Testing,C,CPFF,LEH4711B2,HEX,818H,201111,9.00,9.00,9.00,0.00,489.96,489.96,426.15,1340.04,1340.04,1128.86,0.00,2,EMI/EMC Testing,L
EHSS,4711B2-819H,BAF - Conduct BAF Test (RWA 1377 XFER),EMI/EMC Testing,C,CPFF,LEH4711B2,HJX,819H,201111,12.00,11.50,12.00,0.00,653.28,653.28,652.28,1786.71,1786.71,1727.87,0.00,2,EMI/EMC Testing,L
EHSS,481202-HBSP,German Flight Test - AV Analysis,BASIC,C,CPFF,LEH481202,HBX,811H,201104,0.00,0.00,0.00,0.00,0.00,0.00,0.00,0.00,0.00,0.00,0.00,2,BASIC,L
EHSS,481202-HBSP,German Flight Test - AV Analysis,BASIC,C,CPFF,LEH481202,HBX,811H,201106,40.00,0.00,0.00,0.00,2177.60,0.00,0.00,5955.71,0.00,0.00,0.00,2,BASIC,L
EHSS,481202-HBSP,German Flight Test - AV Analysis,BASIC,C,CPFF,LEH481202,HBX,811H,201107,-40.00,0.00,0.00,0.00,-2177.60,0.00,0.00,-5955.71,0.00,0.00,0.00,2,BASIC,L
EHSS,481202-HBSP,German Flight Test - AV Analysis,BASIC,C,CPFF,LEH481202,HBX,811H,201201,44.00,36.50,4.40,37.00,2522.96,252.30,2013.08,7108.93,710.89,5611.60,5897.69,2,BASIC,L
EHSS,481202-HBSP,German Flight Test - AV Analysis,BASIC,C,CPFF,LEH481202,HBX,811H,201202,88.00,12.90,0.00,13.00,5045.92,0.00,642.42,14217.87,0.00,1790.79,2072.16,2,BASIC,L
EHSS,481202-HBSP,German Flight Test - AV Analysis,BASIC,C,CPFF,LEH481202,HBX,811H,201203,88.00,0.00,0.00,9.00,5045.92,0.00,0.00,14217.87,0.00,0.00,1419.23,2,BASIC,L
EHSS,481202-HBSP,German Flight Test - AV Analysis,BASIC,C,CPFF,LEH481202,HBX,811H,201204,164.00,0.00,0.00,48.00,9403.76,0.00,0.00,26496.93,0.00,0.00,7569.25,2,BASIC,L
EHSS,481202-HBSP,German Flight Test - AV Analysis,BASIC,C,CPFF,LEH481202,HBX,811H,201205,79.00,0.00,0.00,120.00,4529.86,0.00,0.00,12763.77,0.00,0.00,18923.13,2,BASIC,L
EHSS,481202-HBSP,German Flight Test - AV Analysis,BASIC,C,CPFF,LEH481202,HBX,811H,201206,88.00,0.00,0.00,120.00,5045.92,0.00,0.00,14217.87,0.00,0.00,18923.13,2,BASIC,L
EHSS,481202-HBSP,German Flight Test - AV Analysis,BASIC,C,CPFF,LEH481202,HBX,811H,201207,0.00,0.00,0.00,120.00,0.00,0.00,0.00,0.00,0.00,0.00,18923.13,2,BASIC,L
EHSS,481202-HBSP,German Flight Test - AV Analysis,BASIC,C,CPFF,LEH481202,HBX,811H,201208,0.00,0.00,0.00,84.00,0.00,0.00,0.00,0.00,0.00,0.00,13246.19,2,BASIC,L
EHSS,481202-HESP,German Flight Test - Subsystems,BASIC,C,CPFF,LEH481202,HEX,815H,201104,0.00,0.00,0.00,0.00,0.00,0.00,0.00,0.00,0.00,0.00,0.00,2,BASIC,L
EHSS,481202-HESP,German Flight Test - Subsystems,BASIC,C,CPFF,LEH481202,HEX,815H,201106,40.00,0.00,0.00,0.00,2177.60,0.00,0.00,5955.71,0.00,0.00,0.00,2,BASIC,L
EHSS,481202-HESP,German Flight Test - Subsystems,BASIC,C,CPFF,LEH481202,HEX,815H,201107,-40.00,0.00,0.00,0.00,-2177.60,0.00,0.00,-5955.71,0.00,0.00,0.00,2,BASIC,L
EHSS,481202-HESP,German Flight Test - Subsystems,BASIC,C,CPFF,LEH481202,HEX,815H,201201,88.00,13.40,17.60,13.00,4978.16,995.63,794.38,14026.94,2805.39,2214.39,2072.16,2,BASIC,L
EHSS,481202-HESP,German Flight Test - Subsystems,BASIC,C,CPFF,LEH481202,HEX,815H,201202,156.00,6.50,-8.80,7.00,8824.92,-497.82,435.41,24865.94,-1402.69,1213.73,1115.78,2,BASIC,L
EHSS,481202-HESP,German Flight Test - Subsystems,BASIC,C,CPFF,LEH481202,HEX,815H,201203,156.00,2.00,0.00,13.00,8824.92,0.00,110.30,24865.94,0.00,307.47,2050.01,2,BASIC,L
EHSS,481202-HESP,German Flight Test - Subsystems,BASIC,C,CPFF,LEH481202,HEX,815H,201204,208.00,0.00,0.00,123.00,11766.56,0.00,0.00,33154.59,0.00,0.00,19396.20,2,BASIC,L
EHSS,481202-HESP,German Flight Test - Subsystems,BASIC,C,CPFF,LEH481202,HEX,815H,201205,128.00,0.00,0.00,200.00,7240.96,0.00,0.00,20402.82,0.00,0.00,31538.54,2,BASIC,L
EHSS,481202-HESP,German Flight Test - Subsystems,BASIC,C,CPFF,LEH481202,HEX,815H,201206,176.00,0.00,0.00,200.00,9956.32,0.00,0.00,28053.88,0.00,0.00,31538.54,2,BASIC,L
EHSS,481202-HESP,German Flight Test - Subsystems,BASIC,C,CPFF,LEH481202,HEX,815H,201207,0.00,0.00,0.00,200.00,0.00,0.00,0.00,0.00,0.00,0.00,31538.54,2,BASIC,L
EHSS,481202-HESP,German Flight Test - Subsystems,BASIC,C,CPFF,LEH481202,HEX,815H,201208,0.00,0.00,0.00,156.00,0.00,0.00,0.00,0.00,0.00,0.00,24600.06,2,BASIC,L
EHSS,481202-HJSP,German Flight Test - GNC,BASIC,C,CPFF,LEH481202,HJX,819H,201104,0.00,0.00,0.00,0.00,0.00,0.00,0.00,0.00,0.00,0.00,0.00,2,BASIC,L
EHSS,481202-HJSP,German Flight Test - GNC,BASIC,C,CPFF,LEH481202,HJX,819H,201106,250.00,0.00,0.00,0.00,13610.00,0.00,0.00,37223.20,0.00,0.00,0.00,2,BASIC,L
EHSS,481202-HJSP,German Flight Test - GNC,BASIC,C,CPFF,LEH481202,HJX,819H,201107,-158.00,9.90,23.00,0.00,-8601.52,1252.12,457.88,-23525.06,3424.53,1212.91,0.00,2,BASIC,L
EHSS,481202-HJSP,German Flight Test - GNC,BASIC,C,CPFF,LEH481202,HJX,819H,201108,0.00,22.80,59.80,0.00,0.00,3255.51,1041.94,0.00,8903.79,2760.06,0.00,2,BASIC,L
EHSS,481202-HJSP,German Flight Test - GNC,BASIC,C,CPFF,LEH481202,HJX,819H,201109,0.00,24.30,9.20,0.00,0.00,500.85,1158.82,0.00,1369.81,3069.67,0.00,2,BASIC,L
EHSS,481202-HJSP,German Flight Test - GNC,BASIC,C,CPFF,LEH481202,HJX,819H,201110,0.00,1.00,0.00,1.00,0.00,0.00,46.25,0.00,0.00,122.51,0.00,2,BASIC,L
EHSS,481202-HJSP,German Flight Test - GNC,BASIC,C,CPFF,LEH481202,HJX,819H,201201,100.00,18.60,15.00,19.00,5734.00,860.10,1232.55,16156.67,2423.50,3435.82,3028.54,2,BASIC,L
EHSS,481202-HJSP,German Flight Test - GNC,BASIC,C,CPFF,LEH481202,HJX,819H,201202,200.00,10.50,0.00,11.00,11468.00,0.00,633.55,32313.33,0.00,1766.06,1753.37,2,BASIC,L
EHSS,481202-HJSP,German Flight Test - GNC,BASIC,C,CPFF,LEH481202,HJX,819H,201203,200.00,4.50,0.00,10.00,11468.00,0.00,323.16,32313.33,0.00,900.83,1576.93,2,BASIC,L
EHSS,481202-HJSP,German Flight Test - GNC,BASIC,C,CPFF,LEH481202,HJX,819H,201204,100.00,0.00,0.00,110.00,5734.00,0.00,0.00,16156.67,0.00,0.00,17346.20,2,BASIC,L
EHSS,481202-HJSP,German Flight Test - GNC,BASIC,C,CPFF,LEH481202,HJX,819H,201205,100.00,0.00,0.00,200.00,5734.00,0.00,0.00,16156.67,0.00,0.00,31538.54,2,BASIC,L
EHSS,481202-HJSP,German Flight Test - GNC,BASIC,C,CPFF,LEH481202,HJX,819H,201206,200.00,0.00,0.00,200.00,11468.00,0.00,0.00,32313.33,0.00,0.00,31538.54,2,BASIC,L
EHSS,481202-HJSP,German Flight Test - GNC,BASIC,C,CPFF,LEH481202,HJX,819H,201207,0.00,0.00,0.00,200.00,0.00,0.00,0.00,0.00,0.00,0.00,31538.54,2,BASIC,L
EHSS,481202-HJSP,German Flight Test - GNC,BASIC,C,CPFF,LEH481202,HJX,819H,201208,0.00,0.00,0.00,149.00,0.00,0.00,0.00,0.00,0.00,0.00,23496.21,2,BASIC,L
EHSS,481202-HHSP,Germany Flight Test - Liaison,BASIC,C,CPFF,LEH481202,HHX,816H,201106,5.00,0.00,0.00,0.00,272.20,0.00,0.00,744.46,0.00,0.00,0.00,2,BASIC,L
EHSS,481202-HHSP,Germany Flight Test - Liaison,BASIC,C,CPFF,LEH481202,HHX,816H,201107,0.00,18.00,5.00,0.00,0.00,272.20,839.39,0.00,744.46,2223.51,0.00,2,BASIC,L
EHSS,481202-HHSP,Germany Flight Test - Liaison,BASIC,C,CPFF,LEH481202,HHX,816H,201108,40.00,7.50,40.00,40.00,2177.60,2177.60,398.69,5955.71,5955.71,1056.11,5697.99,2,BASIC,L
EHSS,481202-HHSP,Germany Flight Test - Liaison,BASIC,C,CPFF,LEH481202,HHX,816H,201109,50.00,5.50,50.00,50.00,2722.00,2722.00,311.85,7444.64,7444.64,826.08,7122.48,2,BASIC,L
EHSS,481202-HHSP,Germany Flight Test - Liaison,BASIC,C,CPFF,LEH481202,HHX,816H,201110,40.00,7.00,40.00,40.00,2177.60,2177.60,396.90,5955.71,5955.71,1051.37,5697.99,2,BASIC,L
EHSS,481202-HHSP,Germany Flight Test - Liaison,BASIC,C,CPFF,LEH481202,HHX,816H,201111,40.00,2.00,40.00,40.00,2177.60,2177.60,87.50,5955.71,5955.71,231.78,5628.52,2,BASIC,L
EHSS,481202-HHSP,Germany Flight Test - Liaison,BASIC,C,CPFF,LEH481202,HHX,816H,201112,5.00,1.80,5.00,5.00,272.20,272.20,102.06,744.46,744.46,270.35,703.56,2,BASIC,L
EHSS,481202-HHSP,Germany Flight Test - Liaison,BASIC,C,CPFF,LEH481202,HHX,816H,201201,5.00,4.00,5.00,5.00,286.70,286.70,226.80,807.83,807.83,632.22,807.83,2,BASIC,L
EHSS,481202-HHSP,Germany Flight Test - Liaison,BASIC,C,CPFF,LEH481202,HHX,816H,201202,5.00,10.50,5.00,5.00,286.70,286.70,556.51,807.83,807.83,1551.31,807.83,2,BASIC,L
EHSS,481202-HHSP,Germany Flight Test - Liaison,BASIC,C,CPFF,LEH481202,HHX,816H,201203,5.00,4.00,5.00,5.00,286.70,286.70,231.56,807.83,807.83,645.49,788.46,2,BASIC,L
EHSS,481202-HHSP,Germany Flight Test - Liaison,BASIC,C,CPFF,LEH481202,HHX,816H,201204,5.00,0.00,0.00,5.00,286.70,0.00,0.00,807.83,0.00,0.00,788.46,2,BASIC,L
EHSS,481202-HHSP,Germany Flight Test - Liaison,BASIC,C,CPFF,LEH481202,HHX,816H,201205,5.00,0.00,0.00,5.00,286.70,0.00,0.00,807.83,0.00,0.00,788.46,2,BASIC,L
EHSS,481202-HHSP,Germany Flight Test - Liaison,BASIC,C,CPFF,LEH481202,HHX,816H,201206,5.00,0.00,0.00,5.00,286.70,0.00,0.00,807.83,0.00,0.00,788.46,2,BASIC,L
EHSS,481202-HHSP,Germany Flight Test - Liaison,BASIC,C,CPFF,LEH481202,HHX,816H,201207,5.00,0.00,0.00,5.00,286.70,0.00,0.00,807.83,0.00,0.00,788.46,2,BASIC,L
EHSS,481202-818H,German Flight Test - Avionicstems,BASIC,C,CPFF,LEH481202,HEX,818H,201101,0.00,19.00,0.00,0.00,0.00,0.00,1220.18,0.00,0.00,3232.21,0.00,,BASIC,L
EHSS,481202-818H,German Flight Test - Avionicstems,BASIC,C,CPFF,LEH481202,HEX,818H,201102,0.00,-19.00,0.00,0.00,0.00,0.00,-1220.18,0.00,0.00,-3232.21,0.00,,BASIC,L
EHSS,481202-818H,German Flight Test - Avionicstems,BASIC,C,CPFF,LEH481202,HEX,818H,201104,0.00,0.00,0.00,0.00,0.00,0.00,0.00,0.00,0.00,0.00,0.00,,BASIC,L
EHSS,481202-818H,German Flight Test - Avionicstems,BASIC,C,CPFF,LEH481202,HEX,818H,201106,50.00,0.00,0.00,0.00,2722.00,0.00,0.00,7444.64,0.00,0.00,0.00,,BASIC,L
EHSS,481202-818H,German Flight Test - Avionicstems,BASIC,C,CPFF,LEH481202,HEX,818H,201107,-50.00,1.00,0.00,0.00,-2722.00,0.00,72.05,-7444.64,0.00,190.86,0.00,,BASIC,L
EHSS,481202-818H,German Flight Test - Avionicstems,BASIC,C,CPFF,LEH481202,HEX,818H,201108,0.00,-1.00,0.00,0.00,0.00,0.00,-72.05,0.00,0.00,-190.86,0.00,,BASIC,L
EHSS,481102-811H,Germany DTP Development - Eng Support,BASIC,C,CPFF,LEH481102,HBX,811H,201102,20.00,0.00,0.00,0.00,1088.80,0.00,0.00,2977.86,0.00,0.00,0.00,2,BASIC,L
EHSS,481102-811H,Germany DTP Development - Eng Support,BASIC,C,CPFF,LEH481102,HBX,811H,201103,0.00,15.00,18.00,0.00,0.00,979.92,668.70,0.00,2680.07,1771.36,0.00,2,BASIC,L
EHSS,481102-811H,Germany DTP Development - Eng Support,BASIC,C,CPFF,LEH481102,HBX,811H,201106,0.00,0.00,2.00,0.00,0.00,108.88,0.00,0.00,297.79,0.00,0.00,2,BASIC,L
EHSS,481102-815H,Germany DTP Development - Eng Support,BASIC,C,CPFF,LEH481102,HEX,815H,201102,20.00,0.00,0.00,0.00,1088.80,0.00,0.00,2977.86,0.00,0.00,0.00,2,BASIC,L
EHSS,481102-815H,Germany DTP Development - Eng Support,BASIC,C,CPFF,LEH481102,HEX,815H,201104,0.00,7.90,0.00,0.00,0.00,0.00,480.38,0.00,0.00,1272.51,0.00,2,BASIC,L
EHSS,481102-815H,Germany DTP Development - Eng Support,BASIC,C,CPFF,LEH481102,HEX,815H,201105,0.00,0.00,18.00,0.00,0.00,979.92,0.00,0.00,2680.07,0.00,0.00,2,BASIC,L
EHSS,481102-815H,Germany DTP Development - Eng Support,BASIC,C,CPFF,LEH481102,HEX,815H,201106,0.00,0.00,2.00,0.00,0.00,108.88,0.00,0.00,297.79,0.00,0.00,2,BASIC,L
EHSS,481102-815H,Germany DTP Development - Eng Support,BASIC,C,CPFF,LEH481102,HEX,815H,201107,0.00,11.50,-5.00,0.00,0.00,-272.20,455.88,0.00,-744.46,1207.61,0.00,2,BASIC,L
EHSS,481102-815H,Germany DTP Development - Eng Support,BASIC,C,CPFF,LEH481102,HEX,815H,201108,0.00,17.60,0.00,0.00,0.00,0.00,910.15,0.00,0.00,2410.95,0.00,2,BASIC,L
EHSS,481102-815H,Germany DTP Development - Eng Support,BASIC,C,CPFF,LEH481102,HEX,815H,201109,0.00,32.40,4.00,0.00,0.00,217.76,1828.80,0.00,595.57,4844.42,0.00,2,BASIC,L
EHSS,481102-815H,Germany DTP Development - Eng Support,BASIC,C,CPFF,LEH481102,HEX,815H,201110,0.00,15.20,1.00,0.00,0.00,54.44,886.61,0.00,148.89,2348.60,0.00,2,BASIC,L
EHSS,481102-819H,Germany DTP Development - Eng Support,BASIC,C,CPFF,LEH481102,HJX,819H,201102,20.00,0.00,0.00,0.00,1088.80,0.00,0.00,2977.86,0.00,0.00,0.00,2,BASIC,L
EHSS,481102-819H,Germany DTP Development - Eng Support,BASIC,C,CPFF,LEH481102,HJX,819H,201103,0.00,6.30,18.00,0.00,0.00,979.92,342.06,0.00,2680.07,906.10,0.00,2,BASIC,L
EHSS,481102-819H,Germany DTP Development - Eng Support,BASIC,C,CPFF,LEH481102,HJX,819H,201104,0.00,1.00,0.00,0.00,0.00,0.00,64.35,0.00,0.00,170.46,0.00,2,BASIC,L
EHSS,481102-819H,Germany DTP Development - Eng Support,BASIC,C,CPFF,LEH481102,HJX,819H,201106,0.00,0.00,2.00,0.00,0.00,108.88,0.00,0.00,297.79,0.00,0.00,2,BASIC,L
EHSS,481102-819H,Germany DTP Development - Eng Support,BASIC,C,CPFF,LEH481102,HJX,819H,201107,0.00,5.50,-5.00,0.00,0.00,-272.20,353.94,0.00,-744.46,937.57,0.00,2,BASIC,L
EHSS,481102-819H,Germany DTP Development - Eng Support,BASIC,C,CPFF,LEH481102,HJX,819H,201109,0.00,1.50,0.00,0.00,0.00,0.00,96.53,0.00,0.00,255.70,0.00,2,BASIC,L
EHSS,481102-819H,Germany DTP Development - Eng Support,BASIC,C,CPFF,LEH481102,HJX,819H,201110,0.00,11.40,5.00,0.00,0.00,272.20,733.61,0.00,744.46,1943.31,0.00,2,BASIC,L
EHSS,481212-818H,LD1.2.1 - 6 SMU PAR SUPPORT,BASIC,C,CPFF,LEH481212,HEX,818H,201105,10.00,0.00,0.00,0.00,544.40,0.00,0.00,1488.93,0.00,0.00,0.00,2,BASIC,L
EHSS,481212-818H,LD1.2.1 - 6 SMU PAR SUPPORT,BASIC,C,CPFF,LEH481212,HEX,818H,201106,10.00,0.00,0.00,0.00,544.40,0.00,0.00,1488.93,0.00,0.00,0.00,2,BASIC,L
EHSS,481212-818H,LD1.2.1 - 6 SMU PAR SUPPORT,BASIC,C,CPFF,LEH481212,HEX,818H,201107,-20.00,0.00,0.00,0.00,-1088.80,0.00,0.00,-2977.86,0.00,0.00,0.00,2,BASIC,L
EHSS,481212-819H,CR 20244 - LD1.2.1 - 6 SMU PARs - CLS Support,BASIC,C,CPFF,LEH481212,HJX,819H,201105,50.00,0.00,0.00,0.00,2722.00,0.00,0.00,7444.64,0.00,0.00,0.00,2,BASIC,L
EHSS,481212-819H,CR 20244 - LD1.2.1 - 6 SMU PARs - CLS Support,BASIC,C,CPFF,LEH481212,HJX,819H,201106,40.00,0.00,0.00,0.00,2177.60,0.00,0.00,5955.71,0.00,0.00,0.00,2,BASIC,L
EHSS,481212-819H,CR 20244 - LD1.2.1 - 6 SMU PARs - CLS Support,BASIC,C,CPFF,LEH481212,HJX,819H,201107,30.00,0.00,0.00,0.00,1633.20,0.00,0.00,4466.78,0.00,0.00,0.00,2,BASIC,L
EHSS,481212-819H,CR 20244 - LD1.2.1 - 6 SMU PARs - CLS Support,BASIC,C,CPFF,LEH481212,HJX,819H,201108,0.00,27.00,120.00,0.00,0.00,6532.80,1117.26,0.00,17867.13,2959.58,0.00,2,BASIC,L
EHSS,481200-HJSW,LD2.1 SW Build - GNC,BASIC,C,FFP,LEH481200,HJX,819H,201112,10.00,30.00,20.40,0.00,544.40,1110.58,1658.86,1488.93,3071.45,4394.26,0.00,1,BASIC,L
EHSS,481200-HJSW,LD2.1 SW Build - GNC,BASIC,C,FFP,LEH481200,HJX,819H,201201,55.00,112.50,99.60,0.00,3153.70,5741.22,6493.05,8886.17,16189.82,18099.82,0.00,1,BASIC,L
EHSS,481200-HJSW,LD2.1 SW Build - GNC,BASIC,C,FFP,LEH481200,HJX,819H,201202,55.00,0.00,0.00,0.00,3153.70,0.00,0.00,8886.17,0.00,0.00,0.00,1,BASIC,L
EHSS,4812F2-HJEN,Flight Sciences Support to Cross Winds,ADDL FLTS,C,CPFF,LEH4812F2,HJX,819H,201111,40.00,1.50,14.40,2.00,2177.60,783.94,69.38,5955.71,2144.06,183.79,0.00,2,ADDL FLTS,L
EHSS,4812F2-HJEN,Flight Sciences Support to Cross Winds,ADDL FLTS,C,CPFF,LEH4812F2,HJX,819H,201112,80.00,49.00,15.60,49.00,4355.20,849.26,2266.26,11911.42,2322.73,6003.24,0.00,2,ADDL FLTS,L
EHSS,4812F2-HJEN,Flight Sciences Support to Cross Winds,ADDL FLTS,C,CPFF,LEH4812F2,HJX,819H,201201,0.00,8.80,39.60,9.00,0.00,2155.82,407.02,0.00,5896.15,1134.60,1584.28,2,ADDL FLTS,L
EHSS,4812F2-HJEN,Flight Sciences Support to Cross Winds,ADDL FLTS,C,CPFF,LEH4812F2,HJX,819H,201203,0.00,1.50,6.00,60.00,0.00,326.64,70.70,0.00,893.36,197.08,9461.56,2,ADDL FLTS,L
EHSS,4812F2-HBSP,Flight Sciences Support to Cross Winds,ADDL FLTS,C,CPFF,LEH4812F2,HBX,811H,201111,20.00,2.50,9.60,2.00,1088.80,522.62,138.13,2977.86,1429.37,365.90,0.00,2,ADDL FLTS,L
EHSS,4812F2-HBSP,Flight Sciences Support to Cross Winds,ADDL FLTS,C,CPFF,LEH4812F2,HBX,811H,201112,60.00,9.00,10.40,9.00,3266.40,566.18,497.25,8933.57,1548.48,1317.20,0.00,2,ADDL FLTS,L
EHSS,4812F2-HBSP,Flight Sciences Support to Cross Winds,ADDL FLTS,C,CPFF,LEH4812F2,HBX,811H,201201,0.00,0.50,26.40,1.00,0.00,1437.22,27.63,0.00,3930.77,77.02,309.10,2,ADDL FLTS,L
EHSS,4812F2-HBSP,Flight Sciences Support to Cross Winds,ADDL FLTS,C,CPFF,LEH4812F2,HBX,811H,201203,0.00,0.00,4.00,68.00,0.00,217.76,0.00,0.00,595.57,0.00,10723.10,2,ADDL FLTS,L
EHSS,481232-HEEN,LD2.1 SW Build - AV Mod Kit,BASIC,C,CPFF,LEH481232,HEX,,201202,53.00,0.00,0.00,0.00,3039.02,0.00,0.00,8563.03,0.00,0.00,114.99,2,BASIC,L
EHSS,481232-HEEN,LD2.1 SW Build - AV Mod Kit,BASIC,C,CPFF,LEH481232,HEX,,201205,0.00,0.00,0.00,13.00,0.00,0.00,0.00,0.00,0.00,0.00,2050.01,2,BASIC,L
EHSS,481232-HEEN,LD2.1 SW Build - AV Mod Kit,BASIC,C,CPFF,LEH481232,HEX,,201206,0.00,0.00,0.00,30.00,0.00,0.00,0.00,0.00,0.00,0.00,4730.78,2,BASIC,L
EHSS,481232-HEEN,LD2.1 SW Build - AV Mod Kit,BASIC,C,CPFF,LEH481232,HEX,,201207,0.00,0.00,0.00,10.00,0.00,0.00,0.00,0.00,0.00,0.00,1576.93,2,BASIC,L
EHSS,481232-HESP,LD2.1 SW Build - SW Support,BASIC,C,CPFF,LEH481232,HEX,,201202,0.00,1.50,0.00,2.00,0.00,0.00,51.11,0.00,0.00,142.47,318.79,2,BASIC,L
EHSS,481232-HESP,LD2.1 SW Build - SW Support,BASIC,C,CPFF,LEH481232,HEX,,201203,0.00,3.30,31.84,38.00,0.00,1825.71,223.10,0.00,5144.28,621.91,5992.32,2,BASIC,L
EHSS,481232-HESP,LD2.1 SW Build - SW Support,BASIC,C,CPFF,LEH481232,HEX,,201204,140.00,0.00,0.00,100.00,8027.60,0.00,0.00,22619.33,0.00,0.00,15769.27,2,BASIC,L
EHSS,481232-HESP,LD2.1 SW Build - SW Support,BASIC,C,CPFF,LEH481232,HEX,,201205,140.00,0.00,0.00,140.00,8027.60,0.00,0.00,22619.33,0.00,0.00,22076.98,2,BASIC,L
EHSS,481232-HESP,LD2.1 SW Build - SW Support,BASIC,C,CPFF,LEH481232,HEX,,201206,159.00,0.00,0.00,159.00,9117.06,0.00,0.00,25689.10,0.00,0.00,25073.14,2,BASIC,L
EHSS,481232-HJSW,LD2.1 SW Build - GNC Development,BASIC,C,CPFF,LEH481232,HJX,,201202,230.00,129.90,124.80,130.00,13034.20,7072.47,6260.78,36726.41,19928.07,17452.35,20786.70,2,BASIC,L
EHSS,481232-HJSW,LD2.1 SW Build - GNC Development,BASIC,C,CPFF,LEH481232,HJX,,201203,230.00,69.80,15.60,260.00,13022.65,884.06,3300.50,36693.87,2491.01,9200.37,41000.10,2,BASIC,L
EHSS,481232-HJSW,LD2.1 SW Build - GNC Development,BASIC,C,CPFF,LEH481232,HJX,,201204,230.00,0.00,0.00,260.00,13011.10,0.00,0.00,36661.32,0.00,0.00,41000.10,2,BASIC,L
EHSS,481232-HJSW,LD2.1 SW Build - GNC Development,BASIC,C,CPFF,LEH481232,HJX,,201205,260.00,0.00,0.00,260.00,14708.20,0.00,0.00,41443.23,0.00,0.00,41000.10,2,BASIC,L
EHSS,481232-HJSW,LD2.1 SW Build - GNC Development,BASIC,C,CPFF,LEH481232,HJX,,201206,234.00,0.00,0.00,274.00,13237.38,0.00,0.00,37298.91,0.00,0.00,43207.80,2,BASIC,L
EHSS,581REP-814H,BSCU SW Update PCR 20094,BASIC,C,FFP,LEH581REP,HEX,814H,201103,12.00,9.10,12.00,0.00,653.28,653.28,286.21,1786.71,1786.71,758.16,0.00,1,BASIC,L
EHSS,581REP-3J48,BSCU SW Update PCR 20094,BASIC,C,FFP,LEH581REP,HEX,3J48,201103,2.00,10.25,2.00,0.00,92.58,92.58,474.73,352.06,352.06,1676.01,0.00,1,BASIC,L
EHSS,581REP-815H,BSCU SW Update PCR 20094,BASIC,C,FFP,LEH581REP,HEX,815H,201104,9.00,1.00,0.00,0.00,489.96,0.00,54.09,1340.04,0.00,143.28,0.00,1,BASIC,L
EHSS,581REP-815H,BSCU SW Update PCR 20094,BASIC,C,FFP,LEH581REP,HEX,815H,201105,9.00,2.00,18.00,0.00,489.96,979.92,62.78,1340.04,2680.07,166.30,0.00,1,BASIC,L
EHSS,581REP-4A1G,WARRANTY REPAIRS,BASIC,C,FFP,LEH581REP,HHX,4A1G,201107,16.00,0.00,0.00,0.00,553.28,0.00,0.00,2103.98,0.00,0.00,0.00,1,BASIC,L
EHSS,581REP-4A1G,WARRANTY REPAIRS,BASIC,C,FFP,LEH581REP,HHX,4A1G,201108,0.00,0.00,16.00,0.00,0.00,553.28,0.00,0.00,2103.98,0.00,0.00,1,BASIC,L
EHSS,581REP-4A1G,WARRANTY REPAIRS,BASIC,C,FFP,LEH581REP,HHX,4A1G,201109,0.00,19.70,0.00,0.00,0.00,0.00,579.47,0.00,0.00,2045.78,0.00,1,BASIC,L
EHSS,581REP-HDVT,VTail and MLG Nut Corrosion Repair/Replacement - CR20276 - AV Eng,BASIC,C,FFP,LEH581REP,HDX,,201202,0.00,1.00,0.00,1.00,0.00,0.00,37.05,0.00,0.00,103.28,159.40,1,BASIC,L
EHSS,581REP-HDVT,VTail and MLG Nut Corrosion Repair/Replacement - CR20276 - AV Eng,BASIC,C,FFP,LEH581REP,HDX,,201203,88.00,5.00,10.10,87.00,4930.46,571.36,188.55,14156.86,1609.91,525.60,13840.33,1,BASIC,L
EHSS,581REP-HDVT,VTail and MLG Nut Corrosion Repair/Replacement - CR20276 - AV Eng,BASIC,C,FFP,LEH581REP,HDX,,201204,98.00,0.00,0.00,98.00,5432.56,0.00,0.00,15924.06,0.00,0.00,15736.38,1,BASIC,L
EHSS,581REP-HDVT,VTail and MLG Nut Corrosion Repair/Replacement - CR20276 - AV Eng,BASIC,C,FFP,LEH581REP,HDX,,201205,60.00,0.00,0.00,60.00,3282.90,0.00,0.00,9866.98,0.00,0.00,9744.05,1,BASIC,L
EHSS,592010-819H,Modify Performance Charts,BASIC,C,FFP,LEH592010,HJX,819H,201101,0.00,93.00,21.90,0.00,0.00,1192.24,3619.82,0.00,3260.75,9588.77,0.00,1,BASIC,L
EHSS,592010-819H,Modify Performance Charts,BASIC,C,FFP,LEH592010,HJX,819H,201102,247.00,252.60,176.06,0.00,13446.68,9584.71,9579.40,36776.52,26214.07,25375.47,0.00,1,BASIC,L
EHSS,592010-819H,Modify Performance Charts,BASIC,C,FFP,LEH592010,HJX,819H,201103,0.00,75.20,49.04,0.00,0.00,2669.74,2865.08,0.00,7301.70,7589.49,0.00,1,BASIC,L
EHSS,72122J-819H,CR 20253 - AW ENGINE AUXILIARY SCAVANGE PUMP- LABOR,AIR WORTHINESS,C,CPFF,LEH72122J,HJX,819H,201103,1.00,1.00,1.00,0.00,54.44,54.44,59.83,148.89,148.89,158.49,0.00,2,AIR WORTHINESS,L
EHSS,72122J-819H,CR 20253 - AW ENGINE AUXILIARY SCAVANGE PUMP- LABOR,AIR WORTHINESS,C,CPFF,LEH72122J,HJX,819H,201104,6.00,0.00,6.00,0.00,326.64,326.64,0.00,893.36,893.36,0.00,0.00,2,AIR WORTHINESS,L
EHSS,72122J-819H,CR 20253 - AW ENGINE AUXILIARY SCAVANGE PUMP- LABOR,AIR WORTHINESS,C,CPFF,LEH72122J,HJX,819H,201105,6.00,0.00,6.00,0.00,326.64,326.64,0.00,893.36,893.36,0.00,0.00,2,AIR WORTHINESS,L
EHSS,72122J-819H,CR 20253 - AW ENGINE AUXILIARY SCAVANGE PUMP- LABOR,AIR WORTHINESS,C,CPFF,LEH72122J,HJX,819H,201106,27.00,1.00,7.00,0.00,1469.88,381.08,46.00,4020.11,1042.25,121.85,0.00,2,AIR WORTHINESS,L
EHSS,72122J-819H,CR 20253 - AW ENGINE AUXILIARY SCAVANGE PUMP- LABOR,AIR WORTHINESS,C,CPFF,LEH72122J,HJX,819H,201107,20.00,10.00,40.00,0.00,1088.80,2177.60,449.80,2977.86,5955.71,1191.50,0.00,2,AIR WORTHINESS,L
EHSS,72122J-819H,CR 20253 - AW ENGINE AUXILIARY SCAVANGE PUMP- LABOR,AIR WORTHINESS,C,CPFF,LEH72122J,HJX,819H,201109,0.00,8.90,-10.00,0.00,0.00,-544.40,572.72,0.00,-1488.93,1517.11,0.00,2,AIR WORTHINESS,L
EHSS,72122J-819H,CR 20253 - AW ENGINE AUXILIARY SCAVANGE PUMP- LABOR,AIR WORTHINESS,C,CPFF,LEH72122J,HJX,819H,201110,0.00,0.50,10.00,0.00,0.00,544.40,32.19,0.00,1488.93,85.27,0.00,2,AIR WORTHINESS,L
EHSS,7213U2-811H000J,"PCR#14089 USAR Paragraphs - Develop, Revise, Release",AIR WORTHINESS,C,CPFF,LEH295UA2,HBX,811H,201101,0.00,0.00,16.50,0.00,0.00,898.26,0.00,0.00,2302.54,0.00,0.00,2,AIR WORTHINESS,L
EHSS,7213U2-811H000J,"PCR#14089 USAR Paragraphs - Develop, Revise, Release",AIR WORTHINESS,C,CPFF,LEH295UA2,HBX,811H,201102,0.00,5.00,9.00,0.00,0.00,489.96,207.30,0.00,1255.93,549.13,0.00,2,AIR WORTHINESS,L
EHSS,7213U2-811H00F2,"PCR#14089 USAR Paragraphs - Develop, Revise, Release",AIR WORTHINESS,C,CPFF,LEH295UA2,HBX,811H,201103,0.00,1.00,0.00,0.00,0.00,0.00,68.45,0.00,0.00,181.32,0.00,2,AIR WORTHINESS,L
EHSS,7213U2-819H,"PCR#14089 USAR Paragraphs - Develop, Revise, Release",AIR WORTHINESS,C,CPFF,LEH295UA2,HJX,819H,201101,610.00,538.20,933.00,0.00,33208.40,50792.52,25423.75,90824.60,130198.08,67346.56,0.00,2,AIR WORTHINESS,L
EHSS,7213U2-819H,"PCR#14089 USAR Paragraphs - Develop, Revise, Release",AIR WORTHINESS,C,CPFF,LEH295UA2,HJX,819H,201102,0.00,448.40,213.00,0.00,0.00,11595.72,23144.77,0.00,29723.68,61309.63,0.00,2,AIR WORTHINESS,L
EHSS,7213U2-819H,"PCR#14089 USAR Paragraphs - Develop, Revise, Release",AIR WORTHINESS,C,CPFF,LEH295UA2,HJX,819H,201103,-1332.00,31.00,207.60,0.00,-72514.08,11301.74,1622.39,-196736.54,23811.68,4297.65,0.00,2,AIR WORTHINESS,L
EHSS,7213I2-811H,AIR WORTHINESS RFIs - AV,AIR WORTHINESS,C,CPFF,LEH295RA2,HBX,811H,201101,200.00,808.60,672.40,0.00,10888.00,36592.80,42249.60,29778.56,94964.32,111917.61,0.00,2,AIR WORTHINESS,L
EHSS,7213I2-811H,AIR WORTHINESS RFIs - AV,AIR WORTHINESS,C,CPFF,LEH295RA2,HBX,811H,201102,500.00,913.70,1323.40,0.00,27220.00,71490.96,50844.97,74446.39,185681.11,134686.42,0.00,2,AIR WORTHINESS,L
EHSS,7213I2-811H,AIR WORTHINESS RFIs - AV,AIR WORTHINESS,C,CPFF,LEH295RA2,HBX,811H,201103,-3497.00,34.00,16.90,0.00,-190376.68,657.34,1758.38,-520678.08,-28259.08,4657.88,0.00,2,AIR WORTHINESS,L
EHSS,7213I2-811H,AIR WORTHINESS RFIs - AV,AIR WORTHINESS,C,CPFF,LEH295RA2,HBX,811H,201109,0.00,12.00,0.00,0.00,0.00,0.00,853.44,0.00,0.00,2260.73,0.00,2,AIR WORTHINESS,L
EHSS,7213A2-811H,AV AWC CERT for FERRY FLIGHT,AIR WORTHINESS,C,CPFF,LEH7213A2,HBX,811H,201103,1284.00,601.00,1126.10,0.00,69900.96,61304.88,32910.82,191178.34,167668.16,87179.53,0.00,2,AIR WORTHINESS,L
EHSS,7213A2-811H,AV AWC CERT for FERRY FLIGHT,AIR WORTHINESS,C,CPFF,LEH7213A2,HBX,811H,201104,1514.00,1018.30,1773.60,0.00,82422.16,96554.78,56471.72,225423.68,264076.25,149591.47,0.00,2,AIR WORTHINESS,L
EHSS,7213A2-811H,AV AWC CERT for FERRY FLIGHT,AIR WORTHINESS,C,CPFF,LEH7213A2,HBX,811H,201105,740.00,1040.10,589.80,0.00,40285.60,32108.71,59813.75,110180.66,87816.97,158444.38,0.00,2,AIR WORTHINESS,L
EHSS,7213A2-811H,AV AWC CERT for FERRY FLIGHT,AIR WORTHINESS,C,CPFF,LEH7213A2,HBX,811H,201106,560.00,667.00,529.70,0.00,30486.40,28836.87,37386.00,83379.96,78868.51,99034.11,0.00,2,AIR WORTHINESS,L
EHSS,7213A2-811H,AV AWC CERT for FERRY FLIGHT,AIR WORTHINESS,C,CPFF,LEH7213A2,HBX,811H,201107,466.00,278.50,272.88,0.00,25369.04,14855.59,16642.07,69384.04,40629.86,44084.22,0.00,2,AIR WORTHINESS,L
EHSS,7213A2-811H,AV AWC CERT for FERRY FLIGHT,AIR WORTHINESS,C,CPFF,LEH7213A2,HBX,811H,201108,0.00,267.50,156.36,0.00,0.00,8512.24,15738.14,0.00,23280.88,41689.74,0.00,2,AIR WORTHINESS,L
EHSS,7213A2-811H,AV AWC CERT for FERRY FLIGHT,AIR WORTHINESS,C,CPFF,LEH7213A2,HBX,811H,201109,0.00,132.90,115.56,0.00,0.00,6291.09,8458.48,0.00,17206.05,22406.20,0.00,2,AIR WORTHINESS,L
EHSS,7213A2-811H,AV AWC CERT for FERRY FLIGHT,AIR WORTHINESS,C,CPFF,LEH7213A2,HBX,811H,201110,0.00,-25.00,0.00,0.00,0.00,0.00,-1875.00,0.00,0.00,-4966.80,0.00,2,AIR WORTHINESS,L
EHSS,7213A2-819H,GNC AWC CERT for FERRY FLIGHT,AIR WORTHINESS,C,CPFF,LEH7213A2,HJX,819H,201103,180.00,130.50,83.60,0.00,9799.20,4551.18,5965.75,26800.70,12447.44,15803.05,0.00,2,AIR WORTHINESS,L
EHSS,7213A2-819H,GNC AWC CERT for FERRY FLIGHT,AIR WORTHINESS,C,CPFF,LEH7213A2,HJX,819H,201104,340.00,183.30,140.80,0.00,18509.60,7665.15,8035.21,50623.55,20964.10,21284.97,0.00,2,AIR WORTHINESS,L
EHSS,7213A2-819H,GNC AWC CERT for FERRY FLIGHT,AIR WORTHINESS,C,CPFF,LEH7213A2,HJX,819H,201105,180.00,140.80,217.80,0.00,9799.20,11857.03,6832.87,26800.70,32428.85,18100.02,0.00,2,AIR WORTHINESS,L
EHSS,7213A2-819H,GNC AWC CERT for FERRY FLIGHT,AIR WORTHINESS,C,CPFF,LEH7213A2,HJX,819H,201106,100.00,172.00,190.80,0.00,5444.00,10387.15,8129.00,14889.28,28408.74,21533.42,0.00,2,AIR WORTHINESS,L
EHSS,7213A2-819H,GNC AWC CERT for FERRY FLIGHT,AIR WORTHINESS,C,CPFF,LEH7213A2,HJX,819H,201107,0.00,83.50,87.00,0.00,0.00,4736.28,4441.04,0.00,12953.67,11764.15,0.00,2,AIR WORTHINESS,L
EHSS,7213A2-819H,GNC AWC CERT for FERRY FLIGHT,AIR WORTHINESS,C,CPFF,LEH7213A2,HJX,819H,201108,0.00,32.50,80.00,0.00,0.00,4355.20,1597.57,0.00,11911.42,4231.90,0.00,2,AIR WORTHINESS,L
EHSS,7213A2-819H,GNC AWC CERT for FERRY FLIGHT,AIR WORTHINESS,C,CPFF,LEH7213A2,HJX,819H,201109,0.00,0.00,-16.00,0.00,0.00,-871.04,0.00,0.00,-2382.28,0.00,0.00,2,AIR WORTHINESS,L
EHSS,7213A2-819H,GNC AWC CERT for FERRY FLIGHT,AIR WORTHINESS,C,CPFF,LEH7213A2,HJX,819H,201110,0.00,0.00,16.00,0.00,0.00,871.04,0.00,0.00,2382.28,0.00,0.00,2,AIR WORTHINESS,L
EHSS,7213E2-HBXX,AV AWC CERT Updates for SENSOR FLIGHT,AIR WORTHINESS,C,CPFF,LEH7213E2,HBX,811H,201107,100.00,4.50,10.00,5.00,5444.00,544.40,301.50,14889.28,1488.93,798.66,0.00,2,AIR WORTHINESS,L
EHSS,7213E2-HBXX,AV AWC CERT Updates for SENSOR FLIGHT,AIR WORTHINESS,C,CPFF,LEH7213E2,HBX,811H,201108,140.00,90.50,80.00,91.00,7621.60,4355.20,4550.29,20844.99,11911.42,12053.55,0.00,2,AIR WORTHINESS,L
EHSS,7213E2-HBXX,AV AWC CERT Updates for SENSOR FLIGHT,AIR WORTHINESS,C,CPFF,LEH7213E2,HBX,811H,201109,450.00,495.00,528.75,495.00,24498.00,28785.15,25822.17,67001.75,78727.06,68401.96,0.00,2,AIR WORTHINESS,L
EHSS,7213E2-HBXX,AV AWC CERT Updates for SENSOR FLIGHT,AIR WORTHINESS,C,CPFF,LEH7213E2,HBX,811H,201110,425.00,681.90,381.35,682.00,23137.00,20760.69,39066.03,63279.43,56780.26,103484.45,0.00,2,AIR WORTHINESS,L
EHSS,7213E2-HBXX,AV AWC CERT Updates for SENSOR FLIGHT,AIR WORTHINESS,C,CPFF,LEH7213E2,HBX,811H,201111,445.00,697.20,242.80,697.00,24225.80,13218.03,37826.39,66257.29,36151.17,100200.69,0.00,2,AIR WORTHINESS,L
EHSS,7213E2-HBXX,AV AWC CERT Updates for SENSOR FLIGHT,AIR WORTHINESS,C,CPFF,LEH7213E2,HBX,811H,201112,605.00,685.20,307.65,685.00,32936.20,16748.47,37744.91,90080.14,45806.87,99984.85,0.00,2,AIR WORTHINESS,L
EHSS,7213E2-HBXX,AV AWC CERT Updates for SENSOR FLIGHT,AIR WORTHINESS,C,CPFF,LEH7213E2,HBX,811H,201201,825.00,582.50,819.30,583.00,47305.50,45323.92,31358.62,133292.51,125139.86,87414.28,94392.98,2,AIR WORTHINESS,L
EHSS,7213E2-HBXX,AV AWC CERT Updates for SENSOR FLIGHT,AIR WORTHINESS,C,CPFF,LEH7213E2,HBX,811H,201202,825.00,621.30,84.80,621.00,47305.50,4841.55,34434.90,133292.51,13609.60,95989.62,100450.06,2,AIR WORTHINESS,L
EHSS,7213E2-HBXX,AV AWC CERT Updates for SENSOR FLIGHT,AIR WORTHINESS,C,CPFF,LEH7213E2,HBX,811H,201203,240.00,309.50,235.80,639.00,13761.60,13520.77,17659.43,38776.00,38097.42,49226.86,100765.64,2,AIR WORTHINESS,L
EHSS,7213E2-HBXX,AV AWC CERT Updates for SENSOR FLIGHT,AIR WORTHINESS,C,CPFF,LEH7213E2,HBX,811H,201204,68.00,0.00,0.00,286.00,3899.12,0.00,0.00,10986.53,0.00,0.00,45100.12,2,AIR WORTHINESS,L
EHSS,7213E2-HBXX,AV AWC CERT Updates for SENSOR FLIGHT,AIR WORTHINESS,C,CPFF,LEH7213E2,HBX,811H,201205,68.00,0.00,0.00,68.00,3899.12,0.00,0.00,10986.53,0.00,0.00,10723.10,2,AIR WORTHINESS,L
EHSS,7213E2-HBXX,AV AWC CERT Updates for SENSOR FLIGHT,AIR WORTHINESS,C,CPFF,LEH7213E2,HBX,811H,201206,68.00,0.00,0.00,68.00,3899.12,0.00,0.00,10986.53,0.00,0.00,10723.10,2,AIR WORTHINESS,L
EHSS,7213E2-HBXX,AV AWC CERT Updates for SENSOR FLIGHT,AIR WORTHINESS,C,CPFF,LEH7213E2,HBX,811H,201207,73.00,0.00,0.00,73.00,4185.82,0.00,0.00,11794.37,0.00,0.00,11511.57,2,AIR WORTHINESS,L
,,,,,,,,,,,,,,,,,,,,,,,
