PROJECT,WBS ID,DESCRIPTION,ALIAS,E,CAM,CHARGE #,RESP,PERF,YYYYMM,BCWS HRS/UTS,ACT HRS/UTS,BCWP HRS/UTS,ETC HRS/UTS,BCWS PRIME,BCWP PRIME,ACT PRIME,BCWS T DLRS,BCWP T DLRS,ACT T DLRS,ETC T DLRS,CLIN,XREF-4,E
LRIPOC,R8213965-818H0030,AV IPT - Flight Test Support,LR8 DMS,W,HEX,LR8213965,HEX,818H,201101,8.00,0.00,0.00,8.00,442.64,0.00,0.00,1212.37,0.00,0.00,1170.20,,,L
LRIPOC,R8213965-818H0030,AV IPT - Flight Test Support,LR8 DMS,W,HEX,LR8213965,HEX,818H,201102,0.00,0.00,0.00,8.00,0.00,0.00,0.00,0.00,0.00,0.00,1170.20,,,L
LRIPOC,R8213965-818H0030,AV IPT - Flight Test Support,LR8 DMS,W,HEX,LR8213965,HEX,818H,201106,8.20,0.00,0.00,8.20,453.71,0.00,0.00,1242.68,0.00,0.00,1168.18,,,L
LRIPOC,R8213965-818H0030,AV IPT - Flight Test Support,LR8 DMS,W,HEX,LR8213965,HEX,818H,201107,0.00,0.00,0.00,8.20,0.00,0.00,0.00,0.00,0.00,0.00,1168.18,,,L
LRIPOC,R8213965-819H0030,AV IPT - Flight Test Support,LR8 DMS,W,HJX,LR8213965,HJX,819H,201102,35.00,0.00,0.00,0.00,1936.55,0.00,0.00,5304.12,0.00,0.00,0.00,,,L
LRIPOC,R8213965-819H0030,AV IPT - Flight Test Support,LR8 DMS,W,HJX,LR8213965,HJX,819H,201104,0.00,0.00,0.00,0.00,0.00,0.00,0.00,0.00,0.00,0.00,45.57,,,L
LRIPOC,R8213965-819H0030,AV IPT - Flight Test Support,LR8 DMS,W,HJX,LR8213965,HJX,819H,201106,30.70,0.00,0.00,0.00,1698.63,0.00,0.00,4652.47,0.00,0.00,0.00,,,L
LRIPOC,R8213965-819H0030,AV IPT - Flight Test Support,LR8 DMS,W,HJX,LR8213965,HJX,819H,201109,0.00,0.00,0.00,33.00,0.00,0.00,0.00,0.00,0.00,0.00,4700.84,,,L
LRIPOC,R8213965-819H0030,AV IPT - Flight Test Support,LR8 DMS,W,HJX,LR8213965,HJX,819H,201111,0.00,0.00,35.00,16.30,0.00,1936.55,0.00,0.00,5304.12,0.00,2293.62,,,L
LRIPOC,R8213965-819H0030,AV IPT - Flight Test Support,LR8 DMS,W,HJX,LR8213965,HJX,819H,201112,0.00,0.00,0.00,16.40,0.00,0.00,0.00,0.00,0.00,0.00,2307.69,,,L
LRIPOC,R8213965-819H0030,AV IPT - Flight Test Support,LR8 DMS,W,HJX,LR8213965,HJX,819H,201201,0.00,1.50,30.70,16.40,0.00,1698.63,106.62,0.00,4652.47,297.21,2649.69,,,L
LRIPOC,R8213965-819H0030,AV IPT - Flight Test Support,LR8 DMS,W,HJX,LR8213965,HJX,819H,201202,0.00,0.00,0.00,14.90,0.00,0.00,0.00,0.00,0.00,0.00,2375.02,,,L
LRIPOC,R8213965-819H0030,AV IPT - Flight Test Support,LR8 DMS,W,HJX,LR8213965,HJX,819H,201203,0.00,0.00,0.00,14.90,0.00,0.00,0.00,0.00,0.00,0.00,2349.62,,,L
LRIPOC,C8MX33AA-4A1G0030,GH PRODUCTION,LOT 8,W,HHX,LC8MX33AA,HHX,4A1G,201110,0.00,80.60,0.00,0.00,0.00,0.00,2847.27,0.00,0.00,10101.20,0.00,,0033AA,L
LRIPOC,C8MX33AA-4A1G0030,GH PRODUCTION,LOT 8,W,HHX,LC8MX33AA,HHX,4A1G,201112,534.34,83.80,0.00,83.34,18589.69,0.00,2844.34,70644.53,0.00,10090.80,9709.49,,0033AA,L
LRIPOC,C8MX33AA-4A1G0030,GH PRODUCTION,LOT 8,W,HHX,LC8MX33AA,HHX,4A1G,201201,0.00,0.00,0.00,451.00,0.00,0.00,0.00,0.00,0.00,0.00,55538.76,,0033AA,L
LRIPOC,C8MX33AA-4D310030,PRODUCTION PLANNING & SUPPORT,LOT 8,W,HHX,LC8MX33AA,HHX,4D31,201110,0.00,1.30,0.00,0.00,0.00,0.00,44.23,0.00,0.00,156.91,0.00,,0033AA,L
LRIPOC,C8MX33AA-4D310030,PRODUCTION PLANNING & SUPPORT,LOT 8,W,HHX,LC8MX33AA,HHX,4D31,201112,10.20,1.00,10.20,10.20,492.97,492.97,34.02,1873.37,1873.37,120.69,1607.15,,0033AA,L
LRIPOC,C8MX33AA-4D310030,PRODUCTION PLANNING & SUPPORT,LOT 8,W,HHX,LC8MX33AA,HHX,4D31,201201,0.00,1.00,0.00,7.70,0.00,0.00,34.02,0.00,0.00,124.46,1417.32,,0033AA,L
LRIPOC,C8MX33AA-811H0030,HALE AIR VEHICLE ANALYSIS & INTEGR - ENG,LOT 8,W,HBX,LC8MX33AA,HBX,811H,201112,7.00,0.00,7.00,7.00,387.31,387.31,0.00,1060.82,1060.82,0.00,984.99,,0033AA,L
LRIPOC,C8MX33AA-811H0030,HALE AIR VEHICLE ANALYSIS & INTEGR - ENG,LOT 8,W,HBX,LC8MX33AA,HBX,811H,201201,0.00,0.00,0.00,7.00,0.00,0.00,0.00,0.00,0.00,0.00,1130.97,,0033AA,L
LRIPOC,C8MX33AA-811H0030,HALE AIR VEHICLE ANALYSIS & INTEGR - ENG,LOT 8,W,HBX,LC8MX33AA,HBX,811H,201202,0.00,0.00,0.00,7.00,0.00,0.00,0.00,0.00,0.00,0.00,1115.78,,0033AA,L
LRIPOC,C8MX33AA-811H0030,HALE AIR VEHICLE ANALYSIS & INTEGR - ENG,LOT 8,W,HBX,LC8MX33AA,HBX,811H,201203,0.00,0.00,0.00,7.00,0.00,0.00,0.00,0.00,0.00,0.00,1103.85,,0033AA,L
LRIPOC,C8MX33AA-815H0030,HALE AIR VEHICLE SUBSYSTEM LRU'S - ENG,LOT 8,W,HEX,LC8MX33AA,HEX,815H,201112,39.95,0.00,0.00,39.95,2210.43,0.00,0.00,6054.28,0.00,0.00,5621.48,,0033AA,L
LRIPOC,C8MX33AA-816H0030,HALE AIR VEHICLE PRODUCTION - ENG,LOT 8,W,HHX,LC8MX33AA,HHX,816H,201112,28.95,0.00,28.95,0.00,1601.80,1601.80,0.00,4387.27,4387.27,0.00,0.00,,0033AA,L
LRIPOC,C8MX33AA-816H0030,HALE AIR VEHICLE PRODUCTION - ENG,LOT 8,W,HHX,LC8MX33AA,HHX,816H,201201,0.00,0.00,0.00,28.95,0.00,0.00,0.00,0.00,0.00,0.00,4677.36,,0033AA,L
LRIPOC,C8MX33AA-819H0030,HALE AV FLIGHT SCIENCES-ENG,LOT 8,W,HJX,LC8MX33AA,HJX,819H,201111,0.00,0.00,254.10,0.00,0.00,14059.35,0.00,0.00,38507.94,0.00,0.00,,0033AA,L
LRIPOC,C8MX33AA-819H0030,HALE AV FLIGHT SCIENCES-ENG,LOT 8,W,HJX,LC8MX33AA,HJX,819H,201112,203.29,10.00,-50.81,203.29,11248.04,-2811.32,419.20,30807.87,-7700.07,1107.78,28605.52,,0033AA,L
LRIPOC,C8MX33AA-819H0030,HALE AV FLIGHT SCIENCES-ENG,LOT 8,W,HJX,LC8MX33AA,HJX,819H,201201,0.00,44.50,0.00,193.29,0.00,0.00,1677.29,0.00,0.00,4675.56,31229.22,,0033AA,L
LRIPOC,C8MX33AA-819H0030,HALE AV FLIGHT SCIENCES-ENG,LOT 8,W,HJX,LC8MX33AA,HJX,819H,201202,0.00,1.50,0.00,0.00,0.00,0.00,62.63,0.00,0.00,174.59,0.00,,0033AA,L
LRIPOC,C8MX33AA-819H0030,HALE AV FLIGHT SCIENCES-ENG,LOT 8,W,HJX,LC8MX33AA,HJX,819H,201203,0.00,0.00,0.00,0.00,0.00,0.00,0.00,0.00,0.00,0.00,0.00,,0033AA,L
LRIPOC,C8MX33AA-819H0030,HALE AV FLIGHT SCIENCES-ENG,LOT 8,W,HJX,LC8MX33AA,HJX,819H,201204,0.00,0.00,0.00,0.00,0.00,0.00,0.00,0.00,0.00,0.00,0.00,,0033AA,L
LRIPOC,C8MX33AA-819H0030,HALE AV FLIGHT SCIENCES-ENG,LOT 8,W,HJX,LC8MX33AA,HJX,819H,201205,0.00,0.00,0.00,0.00,0.00,0.00,0.00,0.00,0.00,0.00,0.00,,0033AA,L
LRIPOC,C8MX33AA-9G070030,FLIGHT TEST ACT - RB,LOT 8,W,HHX,LC8MX33AA,HHX,9G07,201110,0.00,60.50,0.00,0.00,0.00,0.00,3083.65,0.00,0.00,8148.84,0.00,,0033AA,L
LRIPOC,C8MX33AA-9G070030,FLIGHT TEST ACT - RB,LOT 8,W,HHX,LC8MX33AA,HHX,9G07,201112,157.60,71.50,157.60,71.50,7478.12,7478.12,4185.21,20482.24,20482.24,11059.82,8750.32,,0033AA,L
LRIPOC,C8MX33AA-9G070030,FLIGHT TEST ACT - RB,LOT 8,W,HHX,LC8MX33AA,HHX,9G07,201201,0.00,0.00,0.00,86.10,0.00,0.00,0.00,0.00,0.00,0.00,13030.24,,0033AA,L
LRIPOC,C8MX33AB-4A1G0030,"Ferry Flight AF-33/34, Flight supervision, Unsched Maint, Fuel, and repair",L8 S/U M,W,HHX,LC8MX33AB,HHX,04A1G,201112,270.00,46.50,0.00,46.50,9393.30,0.00,1764.97,35696.42,0.00,6261.55,5417.46,,0033AB,L
LRIPOC,C8MX33AB-4A1G0030,"Ferry Flight AF-33/34, Flight supervision, Unsched Maint, Fuel, and repair",L8 S/U M,W,HHX,LC8MX33AB,HHX,04A1G,201201,0.00,66.50,0.00,223.50,0.00,0.00,2316.25,0.00,0.00,8473.73,27523.09,,0033AB,L
LRIPOC,C8MX33AB-4D310030,EVMS planning PMC Lot 8,L8 S/U M,W,HHX,LC8MX33AB,HHX,04D31,201112,20.48,0.50,0.00,0.48,989.80,0.00,17.01,3761.43,0.00,60.35,75.63,,0033AB,L
LRIPOC,C8MX33AB-4D310030,EVMS planning PMC Lot 8,L8 S/U M,W,HHX,LC8MX33AB,HHX,04D31,201201,0.00,0.00,0.00,20.00,0.00,0.00,0.00,0.00,0.00,0.00,3681.34,,0033AB,L
LRIPOC,C8MX33AB-4J3G0030,IE support to AF-33 (1) Unsched. Maint. & AF-34,L8 S/U M,W,HHX,LC8MX33AB,HHX,04J3G,201112,3.73,0.00,0.00,0.00,180.27,0.00,0.00,685.07,0.00,0.00,0.00,,0033AB,L
LRIPOC,C8MX33AB-4J3G0030,IE support to AF-33 (1) Unsched. Maint. & AF-34,L8 S/U M,W,HHX,LC8MX33AB,HHX,04J3G,201201,0.00,0.00,0.00,3.73,0.00,0.00,0.00,0.00,0.00,0.00,686.57,,0033AB,L
LRIPOC,C8MX33AB-4J4G0030,ME support to AF-33 (1) Unsched. Maint. & AF-34,L8 S/U M,W,HHX,LC8MX33AB,HHX,04J4G,201112,8.37,0.00,0.00,0.00,380.17,0.00,0.00,1444.70,0.00,0.00,0.00,,0033AB,L
LRIPOC,C8MX33AB-4J4G0030,ME support to AF-33 (1) Unsched. Maint. & AF-34,L8 S/U M,W,HHX,LC8MX33AB,HHX,04J4G,201201,0.00,0.00,0.00,8.37,0.00,0.00,0.00,0.00,0.00,0.00,1540.64,,0033AB,L
LRIPOC,C8MX33AB-811H0030,AV IPT Analysis & Int. Anom Inv AF33 & 34,L8 S/U M,W,HBX,LC8MX33AB,HBX,0811H,201201,5.30,0.00,5.30,5.30,303.90,303.90,0.00,856.30,856.30,0.00,856.30,,0033AB,L
LRIPOC,C8MX33AB-811H0030,AV IPT Analysis & Int. Anom Inv AF33 & 34,L8 S/U M,W,HBX,LC8MX33AB,HBX,0811H,201202,0.00,0.00,0.00,5.30,0.00,0.00,0.00,0.00,0.00,0.00,844.80,,0033AB,L
LRIPOC,C8MX33AB-811H0030,AV IPT Analysis & Int. Anom Inv AF33 & 34,L8 S/U M,W,HBX,LC8MX33AB,HBX,0811H,201203,0.00,0.00,0.00,5.30,0.00,0.00,0.00,0.00,0.00,0.00,835.77,,0033AB,L
LRIPOC,C8MX33AB-815H0030,AV IPT Equip & Susbsys Anom Inv AF33 & 34,L8 S/U M,W,HEX,LC8MX33AB,HEX,0815H,201201,29.70,0.00,0.00,0.00,1703.00,0.00,0.00,4798.53,0.00,0.00,64.44,,0033AB,L
LRIPOC,C8MX33AB-815H0030,AV IPT Equip & Susbsys Anom Inv AF33 & 34,L8 S/U M,W,HEX,LC8MX33AB,HEX,0815H,201203,0.00,0.00,0.00,29.70,0.00,0.00,0.00,0.00,0.00,0.00,4683.47,,0033AB,L
LRIPOC,C8MX33AB-816H0030,AV IPT Liaison Eng. Support AF-33 & 34,L8 S/U M,W,HHX,LC8MX33AB,HHX,0816H,201112,16.28,0.00,0.00,0.00,900.77,0.00,0.00,2467.18,0.00,0.00,0.00,,0033AB,L
LRIPOC,C8MX33AB-816H0030,AV IPT Liaison Eng. Support AF-33 & 34,L8 S/U M,W,HHX,LC8MX33AB,HHX,0816H,201201,0.00,0.00,0.00,16.28,0.00,0.00,0.00,0.00,0.00,0.00,2630.31,,0033AB,L
LRIPOC,C8MX33AB-819H0030,AV IPT Mission Plan Validation CLIN 00AB & Flight Systems Anom Inv AF33 &34,L8 S/U M,W,HJX,LC8MX33AB,HJX,0819H,201201,104.20,0.00,104.20,104.20,5974.83,5974.83,0.00,16835.25,16835.25,0.00,16835.25,,0033AB,L
LRIPOC,C8MX33AB-819H0030,AV IPT Mission Plan Validation CLIN 00AB & Flight Systems Anom Inv AF33 &34,L8 S/U M,W,HJX,LC8MX33AB,HJX,0819H,201202,0.00,0.00,0.00,104.20,0.00,0.00,0.00,0.00,0.00,0.00,16609.17,,0033AB,L
LRIPOC,C8MX33AB-819H0030,AV IPT Mission Plan Validation CLIN 00AB & Flight Systems Anom Inv AF33 &34,L8 S/U M,W,HJX,LC8MX33AB,HJX,0819H,201203,0.00,0.00,0.00,50.00,0.00,0.00,0.00,0.00,0.00,0.00,7884.64,,0033AB,L
LRIPOC,C8MX33AB-819H0030,AV IPT Mission Plan Validation CLIN 00AB & Flight Systems Anom Inv AF33 &34,L8 S/U M,W,HJX,LC8MX33AB,HJX,0819H,201204,0.00,0.00,0.00,54.20,0.00,0.00,0.00,0.00,0.00,0.00,8546.94,,0033AB,L
LRIPOC,C8MX33AB-9G070030,Ferry Flight (1) AF-33 & 34,L8 S/U M,W,HHX,LC8MX33AB,HHX,09G07,201112,106.20,31.00,0.00,31.00,5039.19,0.00,1728.97,13802.12,0.00,4568.97,3793.84,,0033AB,L
LRIPOC,C8MX33AB-9G070030,Ferry Flight (1) AF-33 & 34,L8 S/U M,W,HHX,LC8MX33AB,HHX,09G07,201201,0.00,83.80,0.00,75.20,0.00,0.00,4641.92,0.00,0.00,12939.67,11380.65,,0033AB,L
LRIPOC,C7MX4810-4A1G0030,Scheduled and Unscheduled Maintenance,Lot 7,W,HHX,LC7MX4810,HHX,4A1G,201107,186.90,13.10,0.00,186.90,6502.25,0.00,428.27,24709.85,0.00,1519.36,23132.78,,0048AA,L
LRIPOC,C7MX4810-4A1G0030,Scheduled and Unscheduled Maintenance,Lot 7,W,HHX,LC7MX4810,HHX,4A1G,201108,169.40,21.10,0.00,-186.90,5893.43,0.00,613.29,22396.20,0.00,2175.76,-23128.13,,0048AA,L
LRIPOC,C7MX4810-4A1G0030,Scheduled and Unscheduled Maintenance,Lot 7,W,HHX,LC7MX4810,HHX,4A1G,201109,42.40,26.30,0.00,190.70,1475.10,0.00,884.12,5605.66,0.00,3136.57,23598.36,,0048AA,L
LRIPOC,C7MX4810-4A1G0030,Scheduled and Unscheduled Maintenance,Lot 7,W,HHX,LC7MX4810,HHX,4A1G,201110,0.00,0.00,0.00,173.80,0.00,0.00,0.00,0.00,0.00,0.00,21507.05,,0048AA,L
LRIPOC,C7MX4810-4A1G0030,Scheduled and Unscheduled Maintenance,Lot 7,W,HHX,LC7MX4810,HHX,4A1G,201111,0.00,0.00,398.70,0.00,0.00,13870.77,0.00,0.00,52711.71,0.00,0.00,,0048AA,L
LRIPOC,C7CF4810-4A1G0030,Chase and Ferry Support,Lot 7,W,HHX,LC7CF4810,HHX,4A1G,201107,85.50,0.00,0.00,85.50,2974.55,0.00,0.00,11303.87,0.00,0.00,10582.41,,0048AA,L
LRIPOC,C7CF4810-4A1G0030,Chase and Ferry Support,Lot 7,W,HHX,LC7CF4810,HHX,4A1G,201109,0.00,125.90,0.00,0.00,0.00,0.00,5688.16,0.00,0.00,20179.76,0.00,,0048AA,L
LRIPOC,C7MX4810-816H0030,Scheduled and Unscheduled Maintenance,Lot 7,W,HHX,LC7MX4810,HHX,816H,201107,48.80,0.00,0.00,48.80,2700.10,0.00,0.00,7395.46,0.00,0.00,6952.09,,0048AA,L
LRIPOC,C7MX4810-816H0030,Scheduled and Unscheduled Maintenance,Lot 7,W,HHX,LC7MX4810,HHX,816H,201108,51.70,0.00,0.00,-48.80,2860.56,0.00,0.00,7834.95,0.00,0.00,-6951.54,,0048AA,L
LRIPOC,C7MX4810-816H0030,Scheduled and Unscheduled Maintenance,Lot 7,W,HHX,LC7MX4810,HHX,816H,201109,12.90,73.50,0.00,64.60,713.76,0.00,3800.61,1954.95,0.00,10043.47,9202.25,,0048AA,L
LRIPOC,C7MX4810-816H0030,Scheduled and Unscheduled Maintenance,Lot 7,W,HHX,LC7MX4810,HHX,816H,201110,0.00,-2.30,0.00,48.80,0.00,0.00,-124.35,0.00,0.00,-328.61,6951.54,,0048AA,L
LRIPOC,C7MX4810-816H0030,Scheduled and Unscheduled Maintenance,Lot 7,W,HHX,LC7MX4810,HHX,816H,201111,0.00,0.00,113.40,0.00,0.00,6274.42,0.00,0.00,17185.36,0.00,0.00,,0048AA,L
LRIPOC,C7MX4810-816H0030,Scheduled and Unscheduled Maintenance,Lot 7,W,HHX,LC7MX4810,HHX,816H,201112,0.00,16.50,0.00,0.00,0.00,0.00,759.14,0.00,0.00,2006.10,0.00,,0048AA,L
LRIPOC,C7MX4810-816H0030,Scheduled and Unscheduled Maintenance,Lot 7,W,HHX,LC7MX4810,HHX,816H,201201,0.00,19.60,0.00,29.70,0.00,0.00,1043.81,0.00,0.00,2909.69,4798.53,,0048AA,L
LRIPOC,C7MX4810-816H0030,Scheduled and Unscheduled Maintenance,Lot 7,W,HHX,LC7MX4810,HHX,816H,201202,0.00,1.10,0.00,0.00,0.00,0.00,86.81,0.00,0.00,241.99,0.00,,0048AA,L
LRIPOC,C7MX4810-810H0030,Scheduled and Unscheduled Maintenance,Lot 7,W,H00,LC7MX4810,H00,810H,201201,16.25,0.00,16.25,16.25,931.78,931.78,0.00,2625.46,2625.46,0.00,2625.46,,0048AA,L
LRIPOC,C7MX4810-810H0030,Scheduled and Unscheduled Maintenance,Lot 7,W,H00,LC7MX4810,H00,810H,201202,17.22,0.00,17.22,18.58,987.39,987.39,0.00,2782.18,2782.18,0.00,2998.96,,0048AA,L
LRIPOC,C7MX4810-810H0030,Scheduled and Unscheduled Maintenance,Lot 7,W,H00,LC7MX4810,H00,810H,201203,21.09,0.00,21.09,22.45,1209.30,1209.30,0.00,3407.44,3407.44,0.00,3540.20,,0048AA,L
LRIPOC,C7MX4810-810H0030,Scheduled and Unscheduled Maintenance,Lot 7,W,H00,LC7MX4810,H00,810H,201204,17.22,0.00,0.00,18.58,987.39,0.00,0.00,2782.18,0.00,0.00,2929.93,,0048AA,L
LRIPOC,C7MX4810-810H0030,Scheduled and Unscheduled Maintenance,Lot 7,W,H00,LC7MX4810,H00,810H,201205,17.22,0.00,0.00,18.58,987.39,0.00,0.00,2782.18,0.00,0.00,2929.93,,0048AA,L
LRIPOC,C7MX4810-810H0030,Scheduled and Unscheduled Maintenance,Lot 7,W,H00,LC7MX4810,H00,810H,201206,20.98,0.00,0.00,22.34,1202.99,0.00,0.00,3389.67,0.00,0.00,3522.86,,0048AA,L
LRIPOC,C7MX4810-810H0030,Scheduled and Unscheduled Maintenance,Lot 7,W,H00,LC7MX4810,H00,810H,201207,16.25,0.00,0.00,27.19,931.78,0.00,0.00,2625.46,0.00,0.00,4287.66,,0048AA,L
LRIPOC,C7MX4810-810H0030,Scheduled and Unscheduled Maintenance,Lot 7,W,H00,LC7MX4810,H00,810H,201208,17.22,0.00,0.00,27.58,987.39,0.00,0.00,2782.18,0.00,0.00,4349.16,,0048AA,L
LRIPOC,C7MX4810-810H0030,Scheduled and Unscheduled Maintenance,Lot 7,W,H00,LC7MX4810,H00,810H,201209,20.12,0.00,0.00,21.48,1153.68,0.00,0.00,3250.72,0.00,0.00,3387.24,,0048AA,L
LRIPOC,C7MX4810-810H0030,Scheduled and Unscheduled Maintenance,Lot 7,W,H00,LC7MX4810,H00,810H,201210,17.22,0.00,0.00,18.58,987.39,0.00,0.00,2782.18,0.00,0.00,2929.93,,0048AA,L
LRIPOC,C7MX4810-810H0030,Scheduled and Unscheduled Maintenance,Lot 7,W,H00,LC7MX4810,H00,810H,201211,16.25,0.00,0.00,17.61,931.78,0.00,0.00,2625.46,0.00,0.00,2776.97,,0048AA,L
LRIPOC,C7MX4810-810H0030,Scheduled and Unscheduled Maintenance,Lot 7,W,H00,LC7MX4810,H00,810H,201212,17.22,0.00,0.00,18.51,987.39,0.00,0.00,2782.18,0.00,0.00,2918.89,,0048AA,L
LRIPOC,C7MX4810-810H0030,Scheduled and Unscheduled Maintenance,Lot 7,W,H00,LC7MX4810,H00,810H,201301,19.15,0.00,0.00,20.51,1140.38,0.00,0.00,3290.46,0.00,0.00,3518.14,,0048AA,L
LRIPOC,C7MX4810-810H0030,Scheduled and Unscheduled Maintenance,Lot 7,W,H00,LC7MX4810,H00,810H,201302,17.22,0.00,0.00,17.22,1025.45,0.00,0.00,2958.83,0.00,0.00,2958.83,,0048AA,L
LRIPOC,C7MX4810-810H0030,Scheduled and Unscheduled Maintenance,Lot 7,W,H00,LC7MX4810,H00,810H,201303,17.22,0.00,0.00,17.22,1025.45,0.00,0.00,2958.83,0.00,0.00,2958.83,,0048AA,L
LRIPOC,C7MX4810-810H0030,Scheduled and Unscheduled Maintenance,Lot 7,W,H00,LC7MX4810,H00,810H,201304,21.95,0.00,0.00,21.95,1307.12,0.00,0.00,3771.57,0.00,0.00,3771.57,,0048AA,L
LRIPOC,C7CF4810-819H0030,Chase and Ferry Support,Lot 7,W,HJX,LC7CF4810,HJX,819H,201108,72.00,99.50,72.00,99.50,3983.76,3983.76,4010.77,10911.34,10911.34,10598.84,14173.74,,0048AA,L
LRIPOC,C7CF4810-819H0030,Chase and Ferry Support,Lot 7,W,HJX,LC7CF4810,HJX,819H,201109,72.00,4.50,72.00,71.10,3983.76,3983.76,145.80,10911.34,10911.34,385.29,10128.17,,0048AA,L
LRIPOC,C7CF4810-819H0030,Chase and Ferry Support,Lot 7,W,HJX,LC7CF4810,HJX,819H,201110,72.00,0.00,72.00,0.00,3983.76,3983.76,0.00,10911.34,10911.34,0.00,0.00,,0048AA,L
LRIPOC,C7CF4810-819H0030,Chase and Ferry Support,Lot 7,W,HJX,LC7CF4810,HJX,819H,201111,72.00,0.00,72.00,99.00,3983.76,3983.76,0.00,10911.34,10911.34,0.00,13930.58,,0048AA,L
LRIPOC,C7CF4810-819H0030,Chase and Ferry Support,Lot 7,W,HJX,LC7CF4810,HJX,819H,201112,72.00,0.00,72.00,99.00,3983.76,3983.76,0.00,10911.34,10911.34,0.00,13930.58,,0048AA,L
LRIPOC,C7CF4810-819H0030,Chase and Ferry Support,Lot 7,W,HJX,LC7CF4810,HJX,819H,201201,72.00,0.00,72.00,84.00,4128.48,4128.48,0.00,11632.80,11632.80,0.00,13571.60,,0048AA,L
LRIPOC,C7CF4810-819H0030,Chase and Ferry Support,Lot 7,W,HJX,LC7CF4810,HJX,819H,201208,72.00,0.00,0.00,72.00,4128.48,0.00,0.00,11632.80,0.00,0.00,11353.88,,0048AA,L
LRIPOC,C7CF4810-819H0030,Chase and Ferry Support,Lot 7,W,HJX,LC7CF4810,HJX,819H,201209,72.00,0.00,0.00,72.00,4128.48,0.00,0.00,11632.80,0.00,0.00,11353.88,,0048AA,L
LRIPOC,C7CF4810-819H0030,Chase and Ferry Support,Lot 7,W,HJX,LC7CF4810,HJX,819H,201210,72.00,0.00,0.00,72.00,4128.48,0.00,0.00,11632.80,0.00,0.00,11353.88,,0048AA,L
LRIPOC,C7CF4810-819H0030,Chase and Ferry Support,Lot 7,W,HJX,LC7CF4810,HJX,819H,201211,72.00,0.00,0.00,72.00,4128.48,0.00,0.00,11632.80,0.00,0.00,11353.88,,0048AA,L
LRIPOC,C7CF4810-819H0030,Chase and Ferry Support,Lot 7,W,HJX,LC7CF4810,HJX,819H,201212,72.00,0.00,0.00,72.00,4128.48,0.00,0.00,11632.80,0.00,0.00,11353.88,,0048AA,L
LRIPOC,C7CF4810-819H0030,Chase and Ferry Support,Lot 7,W,HJX,LC7CF4810,HJX,819H,201301,72.00,0.00,0.00,72.00,4287.60,0.00,0.00,12371.43,0.00,0.00,12437.65,,0048AA,L
LRIPOC,C7MX4810-811H0030,Scheduled and Unscheduled Maintenance,Lot 7,W,HBX,LC7MX4810,HBX,811H,201112,11.00,0.00,11.00,11.00,608.63,608.63,0.00,1667.01,1667.01,0.00,1547.84,,0048AA,L
LRIPOC,C7MX4810-811H0030,Scheduled and Unscheduled Maintenance,Lot 7,W,HBX,LC7MX4810,HBX,811H,201201,13.40,0.00,13.40,24.40,768.36,768.36,0.00,2164.99,2164.99,0.00,3942.23,,0048AA,L
LRIPOC,C7MX4810-811H0030,Scheduled and Unscheduled Maintenance,Lot 7,W,HBX,LC7MX4810,HBX,811H,201202,0.00,0.00,0.00,24.40,0.00,0.00,0.00,0.00,0.00,0.00,3889.29,,0048AA,L
LRIPOC,C7MX4810-811H0030,Scheduled and Unscheduled Maintenance,Lot 7,W,HBX,LC7MX4810,HBX,811H,201212,0.00,0.00,0.00,24.40,0.00,0.00,0.00,0.00,0.00,0.00,3847.70,,0048AA,L
LRIPOC,C7MX4810-811H0030,Scheduled and Unscheduled Maintenance,Lot 7,W,HBX,LC7MX4810,HBX,811H,201301,13.40,0.00,0.00,13.40,797.97,0.00,0.00,2302.46,0.00,0.00,2302.46,,0048AA,L
LRIPOC,C7MX4810-815H0030,Scheduled and Unscheduled Maintenance,Lot 7,W,HEX,LC7MX4810,HEX,815H,201107,55.20,0.00,55.20,55.20,3054.22,3054.22,0.00,8365.36,8365.36,0.00,7863.84,,0048AA,L
LRIPOC,C7MX4810-815H0030,Scheduled and Unscheduled Maintenance,Lot 7,W,HEX,LC7MX4810,HEX,815H,201108,56.40,0.00,56.40,56.40,3120.61,3120.61,0.00,8547.22,8547.22,0.00,8034.16,,0048AA,L
LRIPOC,C7MX4810-815H0030,Scheduled and Unscheduled Maintenance,Lot 7,W,HEX,LC7MX4810,HEX,815H,201112,0.00,2.10,0.00,0.00,0.00,0.00,137.80,0.00,0.00,364.15,0.00,,0048AA,L
LRIPOC,C7MX4810-815H0030,Scheduled and Unscheduled Maintenance,Lot 7,W,HEX,LC7MX4810,HEX,815H,201205,15.00,0.00,0.00,15.00,860.10,0.00,0.00,2423.50,0.00,0.00,2365.39,,0048AA,L
LRIPOC,C7MX4810-815H0030,Scheduled and Unscheduled Maintenance,Lot 7,W,HEX,LC7MX4810,HEX,815H,201302,14.70,0.00,0.00,14.70,875.39,0.00,0.00,2525.83,0.00,0.00,2525.83,,0048AA,L
LRIPOC,C7MX4810-815H0030,Scheduled and Unscheduled Maintenance,Lot 7,W,HEX,LC7MX4810,HEX,815H,201303,45.00,0.00,0.00,45.00,2679.75,0.00,0.00,7732.15,0.00,0.00,7732.15,,0048AA,L
LRIPOC,C7MX4810-815H0030,Scheduled and Unscheduled Maintenance,Lot 7,W,HEX,LC7MX4810,HEX,815H,201304,45.00,0.00,0.00,45.00,2679.75,0.00,0.00,7732.15,0.00,0.00,7732.15,,0048AA,L
LRIPOC,C7MX4810-819H0030,Scheduled and Unscheduled Maintenance,Lot 7,W,HJX,LC7MX4810,HJX,819H,201108,6.60,0.00,6.60,0.00,365.18,365.18,0.00,1000.21,1000.21,0.00,0.00,,0048AA,L
LRIPOC,C7MX4810-819H0030,Scheduled and Unscheduled Maintenance,Lot 7,W,HJX,LC7MX4810,HJX,819H,201109,6.60,13.60,6.60,6.60,365.18,365.18,531.65,1000.21,1000.21,1404.94,940.17,,0048AA,L
LRIPOC,C7MX4810-819H0030,Scheduled and Unscheduled Maintenance,Lot 7,W,HJX,LC7MX4810,HJX,819H,201110,6.60,0.00,6.60,0.00,365.18,365.18,0.00,1000.21,1000.21,0.00,0.00,,0048AA,L
LRIPOC,C7MX4810-819H0030,Scheduled and Unscheduled Maintenance,Lot 7,W,HJX,LC7MX4810,HJX,819H,201111,6.60,0.00,6.60,8.90,365.18,365.18,0.00,1000.21,1000.21,0.00,1252.34,,0048AA,L
LRIPOC,C7MX4810-819H0030,Scheduled and Unscheduled Maintenance,Lot 7,W,HJX,LC7MX4810,HJX,819H,201112,6.60,0.00,6.60,8.80,365.18,365.18,0.00,1000.21,1000.21,0.00,1238.27,,0048AA,L
LRIPOC,C7MX4810-819H0030,Scheduled and Unscheduled Maintenance,Lot 7,W,HJX,LC7MX4810,HJX,819H,201201,6.60,0.00,6.60,10.60,378.44,378.44,0.00,1066.34,1066.34,0.00,1712.61,,0048AA,L
LRIPOC,C7MX4810-819H0030,Scheduled and Unscheduled Maintenance,Lot 7,W,HJX,LC7MX4810,HJX,819H,201202,0.00,0.00,0.00,10.60,0.00,0.00,0.00,0.00,0.00,0.00,1689.61,,0048AA,L
LRIPOC,C7MX4810-819H0030,Scheduled and Unscheduled Maintenance,Lot 7,W,HJX,LC7MX4810,HJX,819H,201203,0.00,0.00,0.00,10.60,0.00,0.00,0.00,0.00,0.00,0.00,1671.54,,0048AA,L
LRIPOC,C7MX4810-819H0030,Scheduled and Unscheduled Maintenance,Lot 7,W,HJX,LC7MX4810,HJX,819H,201208,6.60,0.00,0.00,7.70,378.44,0.00,0.00,1066.34,0.00,0.00,1214.23,,0048AA,L
LRIPOC,C7MX4810-819H0030,Scheduled and Unscheduled Maintenance,Lot 7,W,HJX,LC7MX4810,HJX,819H,201209,6.60,0.00,0.00,7.70,378.44,0.00,0.00,1066.34,0.00,0.00,1214.23,,0048AA,L
LRIPOC,C7MX4810-819H0030,Scheduled and Unscheduled Maintenance,Lot 7,W,HJX,LC7MX4810,HJX,819H,201210,6.60,0.00,0.00,7.70,378.44,0.00,0.00,1066.34,0.00,0.00,1214.23,,0048AA,L
LRIPOC,C7MX4810-819H0030,Scheduled and Unscheduled Maintenance,Lot 7,W,HJX,LC7MX4810,HJX,819H,201211,6.60,0.00,0.00,7.80,378.44,0.00,0.00,1066.34,0.00,0.00,1230.00,,0048AA,L
LRIPOC,C7MX4810-819H0030,Scheduled and Unscheduled Maintenance,Lot 7,W,HJX,LC7MX4810,HJX,819H,201212,6.60,0.00,0.00,7.80,378.44,0.00,0.00,1066.34,0.00,0.00,1230.00,,0048AA,L
LRIPOC,C7MX4810-819H0030,Scheduled and Unscheduled Maintenance,Lot 7,W,HJX,LC7MX4810,HJX,819H,201301,6.60,0.00,0.00,7.80,393.03,0.00,0.00,1134.05,0.00,0.00,1340.24,,0048AA,L
LRIPOC,C7CF48AB-4A1GFIT1,Chase and Ferry Support CLIN 48AB,,W,HHX,LC7CF48AB,HHX,4A1G,201201,0.00,9.00,0.00,0.00,0.00,0.00,269.44,0.00,0.00,649.29,0.00,,0048AB,L
LRIPOC,C7CF48AB-4A1GFIT1,Chase and Ferry Support CLIN 48AB,,W,HHX,LC7CF48AB,HHX,4A1G,201202,0.00,2.00,0.00,0.00,0.00,0.00,56.36,0.00,0.00,124.84,0.00,,0048AB,L
LRIPOC,C7CF48AB-4A1GFIT1,Chase and Ferry Support CLIN 48AB,,W,HHX,LC7CF48AB,HHX,4A1G,201203,84.60,0.00,0.00,0.00,2797.72,0.00,0.00,10418.14,0.00,0.00,0.00,,0048AB,L
LRIPOC,C7CF48AB-4A1GFIT1,Chase and Ferry Support CLIN 48AB,,W,HHX,LC7CF48AB,HHX,4A1G,201205,0.00,0.00,0.00,82.60,0.00,0.00,0.00,0.00,0.00,0.00,9854.17,,0048AB,L
LRIPOC,C7CF48AB-4A1GFIT2,Chase and Ferry Support CLIN 48AB,,W,HHX,LC7CF48AB,HHX,4A1G,201111,11.70,0.00,0.00,0.00,407.04,0.00,0.00,1546.84,0.00,0.00,0.00,,0048AB,L
LRIPOC,C7CF48AB-4A1GFIT2,Chase and Ferry Support CLIN 48AB,,W,HHX,LC7CF48AB,HHX,4A1G,201112,0.00,0.00,12.24,0.00,0.00,426.42,0.00,0.00,1621.60,0.00,0.00,,0048AB,L
LRIPOC,C7CF48AB-4A1GFIT2,Chase and Ferry Support CLIN 48AB,,W,HHX,LC7CF48AB,HHX,4A1G,201201,0.00,0.00,-1.24,11.70,0.00,-43.87,0.00,0.00,-167.86,0.00,1440.81,,0048AB,L
LRIPOC,C7CF48AB-4A1GFIT2,Chase and Ferry Support CLIN 48AB,,W,HHX,LC7CF48AB,HHX,4A1G,201208,84.60,0.00,0.00,84.60,2797.72,0.00,0.00,10418.14,0.00,0.00,10092.77,,0048AB,L
LRIPOC,C7CF48AB-4A1GFIT3,Chase and Ferry Support CLIN 48AB,,W,HHX,LC7CF48AB,HHX,4A1G,201205,11.70,0.00,0.00,11.70,386.92,0.00,0.00,1440.81,0.00,0.00,1395.81,,0048AB,L
LRIPOC,C7CF48AB-4A1GFIT3,Chase and Ferry Support CLIN 48AB,,W,HHX,LC7CF48AB,HHX,4A1G,201212,84.60,0.00,0.00,84.60,2797.72,0.00,0.00,10418.14,0.00,0.00,10092.77,,0048AB,L
LRIPOC,C7CF48AB-819H48AB,Chase and Ferry Support CLIN 48AB,,W,HJX,LC7CF48AB,HJX,819H,201203,24.00,0.00,24.00,24.00,1376.16,1376.16,0.00,3877.60,3877.60,0.00,3784.63,,0048AB,L
LRIPOC,C7CF48AB-819H48AB,Chase and Ferry Support CLIN 48AB,,W,HJX,LC7CF48AB,HJX,819H,201204,24.00,0.00,0.00,24.00,1376.16,0.00,0.00,3877.60,0.00,0.00,3784.63,,0048AB,L
LRIPOC,C7CF48AB-819H48AB,Chase and Ferry Support CLIN 48AB,,W,HJX,LC7CF48AB,HJX,819H,201205,24.00,0.00,0.00,24.00,1376.16,0.00,0.00,3877.60,0.00,0.00,3784.63,,0048AB,L
LRIPOC,C7CF48AB-819H48AB,Chase and Ferry Support CLIN 48AB,,W,HJX,LC7CF48AB,HJX,819H,201206,24.00,0.00,0.00,24.00,1376.16,0.00,0.00,3877.60,0.00,0.00,3784.63,,0048AB,L
LRIPOC,C7CF48AB-819H48AB,Chase and Ferry Support CLIN 48AB,,W,HJX,LC7CF48AB,HJX,819H,201207,24.00,0.00,0.00,24.00,1376.16,0.00,0.00,3877.60,0.00,0.00,3784.63,,0048AB,L
LRIPOC,C7CF48AB-819H48AB,Chase and Ferry Support CLIN 48AB,,W,HJX,LC7CF48AB,HJX,819H,201208,24.00,0.00,0.00,24.00,1376.16,0.00,0.00,3877.60,0.00,0.00,3784.63,,0048AB,L
LRIPOC,C7CF48AB-819H48AB,Chase and Ferry Support CLIN 48AB,,W,HJX,LC7CF48AB,HJX,819H,201209,24.00,0.00,0.00,24.00,1376.16,0.00,0.00,3877.60,0.00,0.00,3784.63,,0048AB,L
LRIPOC,C7CF48AB-819H48AB,Chase and Ferry Support CLIN 48AB,,W,HJX,LC7CF48AB,HJX,819H,201210,24.00,0.00,0.00,24.00,1376.16,0.00,0.00,3877.60,0.00,0.00,3784.63,,0048AB,L
LRIPOC,C7CF48AB-819H48AB,Chase and Ferry Support CLIN 48AB,,W,HJX,LC7CF48AB,HJX,819H,201211,24.00,0.00,0.00,24.00,1376.16,0.00,0.00,3877.60,0.00,0.00,3784.63,,0048AB,L
LRIPOC,C7MX48AB-4A1GFIT1,Scheduled and Unscheduled Maintenance CLIN 48AB,,W,HHX,LC7MX48AB,HHX,4A1G,201110,0.00,46.90,0.00,0.00,0.00,0.00,1655.09,0.00,0.00,5871.73,0.00,,0048AB,L
LRIPOC,C7MX48AB-4A1GFIT1,Scheduled and Unscheduled Maintenance CLIN 48AB,,W,HHX,LC7MX48AB,HHX,4A1G,201111,260.00,0.00,260.00,260.00,9045.40,9045.40,0.00,34374.33,34374.33,0.00,30291.18,,0048AB,L
LRIPOC,C7MX48AB-4A1GFIT1,Scheduled and Unscheduled Maintenance CLIN 48AB,,W,HHX,LC7MX48AB,HHX,4A1G,201112,275.00,264.30,275.00,275.00,9567.25,9567.25,8890.32,36357.46,36357.46,31540.00,32038.74,,0048AB,L
LRIPOC,C7MX48AB-4A1GFIT1,Scheduled and Unscheduled Maintenance CLIN 48AB,,W,HHX,LC7MX48AB,HHX,4A1G,201201,260.00,1219.90,260.00,260.00,8598.20,8598.20,43534.35,32017.91,32017.91,156221.95,32017.91,,0048AB,L
LRIPOC,C7MX48AB-4A1GFIT1,Scheduled and Unscheduled Maintenance CLIN 48AB,,W,HHX,LC7MX48AB,HHX,4A1G,201202,275.00,128.60,275.00,275.00,9094.25,9094.25,4203.94,33865.10,33865.10,15369.32,33865.10,,0048AB,L
LRIPOC,C7MX48AB-4A1GFIT1,Scheduled and Unscheduled Maintenance CLIN 48AB,,W,HHX,LC7MX48AB,HHX,4A1G,201203,337.60,0.00,337.60,494.40,11164.43,11164.43,0.00,41574.03,41574.03,0.00,58981.86,,0048AB,L
LRIPOC,C7MX48AB-4A1GFIT2,Scheduled and Unscheduled Maintenance CLIN 48AB,,W,HHX,LC7MX48AB,HHX,4A1G,201111,140.00,0.00,140.00,140.00,4870.60,4870.60,0.00,18509.25,18509.25,0.00,16310.63,,0048AB,L
LRIPOC,C7MX48AB-4A1GFIT2,Scheduled and Unscheduled Maintenance CLIN 48AB,,W,HHX,LC7MX48AB,HHX,4A1G,201112,148.00,37.00,148.00,148.00,5148.92,5148.92,1318.62,19566.93,19566.93,4678.04,17242.67,,0048AB,L
LRIPOC,C7MX48AB-4A1GFIT2,Scheduled and Unscheduled Maintenance CLIN 48AB,,W,HHX,LC7MX48AB,HHX,4A1G,201201,140.00,0.00,140.00,199.00,4629.80,4629.80,0.00,17240.41,17240.41,0.00,24506.02,,0048AB,L
LRIPOC,C7MX48AB-4A1GFIT2,Scheduled and Unscheduled Maintenance CLIN 48AB,,W,HHX,LC7MX48AB,HHX,4A1G,201202,148.00,0.00,148.00,200.00,4894.36,4894.36,0.00,18225.58,18225.58,0.00,24629.16,,0048AB,L
LRIPOC,C7MX48AB-4A1GFIT2,Scheduled and Unscheduled Maintenance CLIN 48AB,,W,HHX,LC7MX48AB,HHX,4A1G,201203,181.60,0.00,181.60,181.60,6005.51,6005.51,0.00,22363.28,22363.28,0.00,21664.86,,0048AB,L
LRIPOC,C7MX48AB-4A1GFIT2,Scheduled and Unscheduled Maintenance CLIN 48AB,,W,HHX,LC7MX48AB,HHX,4A1G,201204,148.30,0.00,0.00,148.30,4904.28,0.00,0.00,18262.52,0.00,0.00,17692.17,,0048AB,L
LRIPOC,C7MX48AB-4A1GFIT2,Scheduled and Unscheduled Maintenance CLIN 48AB,,W,HHX,LC7MX48AB,HHX,4A1G,201205,148.30,0.00,0.00,148.30,4904.28,0.00,0.00,18262.52,0.00,0.00,17692.17,,0048AB,L
LRIPOC,C7MX48AB-4A1GFIT2,Scheduled and Unscheduled Maintenance CLIN 48AB,,W,HHX,LC7MX48AB,HHX,4A1G,201206,181.00,0.00,0.00,181.00,5985.67,0.00,0.00,22289.39,0.00,0.00,21593.28,,0048AB,L
LRIPOC,C7MX48AB-4A1GFIT2,Scheduled and Unscheduled Maintenance CLIN 48AB,,W,HHX,LC7MX48AB,HHX,4A1G,201207,140.00,0.00,0.00,340.00,4629.80,0.00,0.00,17240.41,0.00,0.00,40561.96,,0048AB,L
LRIPOC,C7MX48AB-4A1GFIT3,Scheduled and Unscheduled Maintenance CLIN 48AB,,W,HHX,LC7MX48AB,HHX,4A1G,201205,233.70,0.00,0.00,233.70,7728.46,0.00,0.00,28779.18,0.00,0.00,27880.38,,0048AB,L
LRIPOC,C7MX48AB-4A1GFIT3,Scheduled and Unscheduled Maintenance CLIN 48AB,,W,HHX,LC7MX48AB,HHX,4A1G,201206,285.00,0.00,0.00,285.00,9424.95,0.00,0.00,35096.56,0.00,0.00,34000.47,,0048AB,L
LRIPOC,C7MX48AB-4A1GFIT3,Scheduled and Unscheduled Maintenance CLIN 48AB,,W,HHX,LC7MX48AB,HHX,4A1G,201207,220.70,0.00,0.00,220.70,7298.55,0.00,0.00,27178.28,0.00,0.00,26329.49,,0048AB,L
LRIPOC,C7MX48AB-4A1GFIT3,Scheduled and Unscheduled Maintenance CLIN 48AB,,W,HHX,LC7MX48AB,HHX,4A1G,201208,233.80,0.00,0.00,233.80,7731.77,0.00,0.00,28791.49,0.00,0.00,27892.31,,0048AB,L
LRIPOC,C7MX48AB-4A1GFIT3,Scheduled and Unscheduled Maintenance CLIN 48AB,,W,HHX,LC7MX48AB,HHX,4A1G,201209,273.30,0.00,0.00,273.30,9038.03,0.00,0.00,33655.75,0.00,0.00,32604.66,,0048AB,L
LRIPOC,C7MX48AB-4A1GFIT3,Scheduled and Unscheduled Maintenance CLIN 48AB,,W,HHX,LC7MX48AB,HHX,4A1G,201210,233.80,0.00,0.00,233.80,7731.77,0.00,0.00,28791.49,0.00,0.00,27892.31,,0048AB,L
LRIPOC,C7MX48AB-4A1GFIT3,Scheduled and Unscheduled Maintenance CLIN 48AB,,W,HHX,LC7MX48AB,HHX,4A1G,201211,220.70,0.00,0.00,220.70,7298.55,0.00,0.00,27178.28,0.00,0.00,26329.49,,0048AB,L
LRIPOC,C7MX48AB-4A1GFIT3,Scheduled and Unscheduled Maintenance CLIN 48AB,,W,HHX,LC7MX48AB,HHX,4A1G,201212,117.00,0.00,0.00,117.00,3869.19,0.00,0.00,14408.06,0.00,0.00,13958.09,,0048AB,L
LRIPOC,C7MX48AB-810HAF27,Scheduled and Unscheduled Maintenance CLIN 48AB,,W,H00,LC7MX48AB,H00,810H,201112,6.07,0.00,6.07,6.07,335.67,335.67,0.00,919.38,919.38,0.00,853.66,,0048AB,L
LRIPOC,C7MX48AB-810HAF27,Scheduled and Unscheduled Maintenance CLIN 48AB,,W,H00,LC7MX48AB,H00,810H,201201,6.07,0.00,6.07,6.57,347.86,347.86,0.00,980.17,980.17,0.00,1061.94,,0048AB,L
LRIPOC,C7MX48AB-810HAF27,Scheduled and Unscheduled Maintenance CLIN 48AB,,W,H00,LC7MX48AB,H00,810H,201202,6.07,0.00,6.07,7.17,347.86,347.86,0.00,980.17,980.17,0.00,1157.58,,0048AB,L
LRIPOC,C7MX48AB-810HAF27,Scheduled and Unscheduled Maintenance CLIN 48AB,,W,H00,LC7MX48AB,H00,810H,201203,7.58,0.00,7.58,8.69,434.83,434.83,0.00,1225.22,1225.22,0.00,1370.22,,0048AB,L
LRIPOC,C7MX48AB-810HAF27,Scheduled and Unscheduled Maintenance CLIN 48AB,,W,H00,LC7MX48AB,H00,810H,201204,6.07,0.00,0.00,8.17,347.86,0.00,0.00,980.17,0.00,0.00,1288.77,,0048AB,L
LRIPOC,C7MX48AB-810HAF27,Scheduled and Unscheduled Maintenance CLIN 48AB,,W,H00,LC7MX48AB,H00,810H,201205,6.07,0.00,0.00,8.17,347.86,0.00,0.00,980.17,0.00,0.00,1288.77,,0048AB,L
LRIPOC,C7MX48AB-810HAF27,Scheduled and Unscheduled Maintenance CLIN 48AB,,W,H00,LC7MX48AB,H00,810H,201206,7.28,0.00,0.00,9.39,417.44,0.00,0.00,1176.21,0.00,0.00,1480.09,,0048AB,L
LRIPOC,C7MX48AB-810HAF27,Scheduled and Unscheduled Maintenance CLIN 48AB,,W,H00,LC7MX48AB,H00,810H,201207,5.46,0.00,0.00,9.57,313.08,0.00,0.00,882.15,0.00,0.00,1508.48,,0048AB,L
LRIPOC,C7MX48AB-810HAF27,Scheduled and Unscheduled Maintenance CLIN 48AB,,W,H00,LC7MX48AB,H00,810H,201208,6.07,0.00,0.00,8.34,347.86,0.00,0.00,980.17,0.00,0.00,1315.58,,0048AB,L
LRIPOC,C7MX48AB-810HAF27,Scheduled and Unscheduled Maintenance CLIN 48AB,,W,H00,LC7MX48AB,H00,810H,201209,7.28,0.00,0.00,8.39,417.44,0.00,0.00,1176.21,0.00,0.00,1322.40,,0048AB,L
LRIPOC,C7MX48AB-810HAF27,Scheduled and Unscheduled Maintenance CLIN 48AB,,W,H00,LC7MX48AB,H00,810H,201210,6.07,0.00,0.00,7.17,347.86,0.00,0.00,980.17,0.00,0.00,1131.08,,0048AB,L
LRIPOC,C7MX48AB-810HAF27,Scheduled and Unscheduled Maintenance CLIN 48AB,,W,H00,LC7MX48AB,H00,810H,201211,5.76,0.00,0.00,6.87,330.47,0.00,0.00,931.16,0.00,0.00,1083.22,,0048AB,L
LRIPOC,C7MX48AB-810HAF27,Scheduled and Unscheduled Maintenance CLIN 48AB,,W,H00,LC7MX48AB,H00,810H,201212,6.07,0.00,0.00,7.14,347.86,0.00,0.00,980.17,0.00,0.00,1126.35,,0048AB,L
LRIPOC,C7MX48AB-810HFIT1,Scheduled and Unscheduled Maintenance CLIN 48AB,,W,H00,LC7MX48AB,H00,810H,201112,65.96,0.00,65.96,65.96,3649.57,3649.57,0.00,9996.00,9996.00,0.00,9281.42,,0048AB,L
LRIPOC,C7MX48AB-810HFIT1,Scheduled and Unscheduled Maintenance CLIN 48AB,,W,H00,LC7MX48AB,H00,810H,201201,16.49,0.00,16.49,38.49,945.54,945.54,0.00,2664.23,2664.23,0.00,6218.70,,0048AB,L
LRIPOC,C7MX48AB-810HFIT1,Scheduled and Unscheduled Maintenance CLIN 48AB,,W,H00,LC7MX48AB,H00,810H,201202,16.49,0.00,16.49,0.00,945.54,945.54,0.00,2664.23,2664.23,0.00,83.51,,0048AB,L
LRIPOC,C7MX48AB-810HFIT1,Scheduled and Unscheduled Maintenance CLIN 48AB,,W,H00,LC7MX48AB,H00,810H,201203,18.96,0.00,18.96,117.90,1087.17,1087.17,0.00,3063.30,3063.30,0.00,18591.97,,0048AB,L
LRIPOC,C7MX48AB-810HFIT2,Scheduled and Unscheduled Maintenance CLIN 48AB,,W,H00,LC7MX48AB,H00,810H,201112,29.03,0.00,29.03,29.03,1606.23,1606.23,0.00,4399.39,4399.39,0.00,4084.90,,0048AB,L
LRIPOC,C7MX48AB-810HFIT2,Scheduled and Unscheduled Maintenance CLIN 48AB,,W,H00,LC7MX48AB,H00,810H,201201,14.52,0.00,14.52,18.66,832.58,832.58,0.00,2345.95,2345.95,0.00,3015.28,,0048AB,L
LRIPOC,C7MX48AB-810HFIT2,Scheduled and Unscheduled Maintenance CLIN 48AB,,W,H00,LC7MX48AB,H00,810H,201202,14.52,0.00,14.52,0.00,832.58,832.58,0.00,2345.95,2345.95,0.00,68.36,,0048AB,L
LRIPOC,C7MX48AB-810HFIT2,Scheduled and Unscheduled Maintenance CLIN 48AB,,W,H00,LC7MX48AB,H00,810H,201203,18.15,0.00,18.15,25.41,1040.72,1040.72,0.00,2932.44,2932.44,0.00,4034.55,,0048AB,L
LRIPOC,C7MX48AB-810HFIT2,Scheduled and Unscheduled Maintenance CLIN 48AB,,W,H00,LC7MX48AB,H00,810H,201204,14.51,0.00,0.00,26.77,832.00,0.00,0.00,2344.33,0.00,0.00,4249.01,,0048AB,L
LRIPOC,C7MX48AB-810HFIT2,Scheduled and Unscheduled Maintenance CLIN 48AB,,W,H00,LC7MX48AB,H00,810H,201205,14.51,0.00,0.00,26.77,832.00,0.00,0.00,2344.33,0.00,0.00,4249.01,,0048AB,L
LRIPOC,C7MX48AB-810HFIT2,Scheduled and Unscheduled Maintenance CLIN 48AB,,W,H00,LC7MX48AB,H00,810H,201206,17.42,0.00,0.00,29.62,998.86,0.00,0.00,2814.49,0.00,0.00,4697.91,,0048AB,L
LRIPOC,C7MX48AB-810HFIT2,Scheduled and Unscheduled Maintenance CLIN 48AB,,W,H00,LC7MX48AB,H00,810H,201207,12.34,0.00,0.00,26.41,707.58,0.00,0.00,1993.73,0.00,0.00,4191.80,,0048AB,L
LRIPOC,C7MX48AB-810HFIT3,Scheduled and Unscheduled Maintenance CLIN 48AB,,W,H00,LC7MX48AB,H00,810H,201205,8.59,0.00,0.00,8.59,492.55,0.00,0.00,1387.86,0.00,0.00,1354.58,,0048AB,L
LRIPOC,C7MX48AB-810HFIT3,Scheduled and Unscheduled Maintenance CLIN 48AB,,W,H00,LC7MX48AB,H00,810H,201206,13.75,0.00,0.00,13.75,788.43,0.00,0.00,2221.54,0.00,0.00,2168.27,,0048AB,L
LRIPOC,C7MX48AB-810HFIT3,Scheduled and Unscheduled Maintenance CLIN 48AB,,W,H00,LC7MX48AB,H00,810H,201207,10.31,0.00,0.00,10.31,591.18,0.00,0.00,1665.75,0.00,0.00,1625.81,,0048AB,L
LRIPOC,C7MX48AB-810HFIT3,Scheduled and Unscheduled Maintenance CLIN 48AB,,W,H00,LC7MX48AB,H00,810H,201208,11.45,0.00,0.00,11.45,656.54,0.00,0.00,1849.94,0.00,0.00,1805.58,,0048AB,L
LRIPOC,C7MX48AB-810HFIT3,Scheduled and Unscheduled Maintenance CLIN 48AB,,W,H00,LC7MX48AB,H00,810H,201209,13.75,0.00,0.00,13.75,788.43,0.00,0.00,2221.54,0.00,0.00,2168.27,,0048AB,L
LRIPOC,C7MX48AB-810HFIT3,Scheduled and Unscheduled Maintenance CLIN 48AB,,W,H00,LC7MX48AB,H00,810H,201210,11.45,0.00,0.00,11.45,656.54,0.00,0.00,1849.94,0.00,0.00,1805.58,,0048AB,L
LRIPOC,C7MX48AB-810HFIT3,Scheduled and Unscheduled Maintenance CLIN 48AB,,W,H00,LC7MX48AB,H00,810H,201211,10.88,0.00,0.00,10.88,623.86,0.00,0.00,1757.85,0.00,0.00,1715.70,,0048AB,L
LRIPOC,C7MX48AB-810HFIT3,Scheduled and Unscheduled Maintenance CLIN 48AB,,W,H00,LC7MX48AB,H00,810H,201212,8.02,0.00,0.00,8.02,459.87,0.00,0.00,1295.76,0.00,0.00,1264.70,,0048AB,L
LRIPOC,C7MX48AB-811HFIT1,Scheduled and Unscheduled Maintenance CLIN 48AB,,W,HBX,LC7MX48AB,HBX,811H,201203,4.50,0.00,4.50,4.50,258.03,258.03,0.00,727.05,727.05,0.00,709.62,,0048AB,L
LRIPOC,C7MX48AB-811HFIT2,Scheduled and Unscheduled Maintenance CLIN 48AB,,W,HBX,LC7MX48AB,HBX,811H,201207,10.80,0.00,0.00,10.80,619.27,0.00,0.00,1744.92,0.00,0.00,1703.08,,0048AB,L
LRIPOC,C7MX48AB-811HFIT3,Scheduled and Unscheduled Maintenance CLIN 48AB,,W,HBX,LC7MX48AB,HBX,811H,201212,10.80,0.00,0.00,10.80,619.27,0.00,0.00,1744.92,0.00,0.00,1703.08,,0048AB,L
LRIPOC,C7MX48AB-815HFIT1,Scheduled and Unscheduled Maintenance CLIN 48AB,,W,HEX,LC7MX48AB,HEX,815H,201203,28.80,0.00,28.80,28.80,1651.39,1651.39,0.00,4653.12,4653.12,0.00,4541.55,,0048AB,L
LRIPOC,C7MX48AB-815HFIT2,Scheduled and Unscheduled Maintenance CLIN 48AB,,W,HEX,LC7MX48AB,HEX,815H,201111,28.35,0.00,28.35,28.35,1568.61,1568.61,0.00,4296.34,4296.34,0.00,3989.21,,0048AB,L
LRIPOC,C7MX48AB-815HFIT2,Scheduled and Unscheduled Maintenance CLIN 48AB,,W,HEX,LC7MX48AB,HEX,815H,201207,28.35,0.00,0.00,28.35,1625.59,0.00,0.00,4580.42,0.00,0.00,4470.59,,0048AB,L
LRIPOC,C7MX48AB-815HFIT3,Scheduled and Unscheduled Maintenance CLIN 48AB,,W,HEX,LC7MX48AB,HEX,815H,201205,28.35,0.00,0.00,28.35,1625.59,0.00,0.00,4580.42,0.00,0.00,4470.59,,0048AB,L
LRIPOC,C7MX48AB-815HFIT3,Scheduled and Unscheduled Maintenance CLIN 48AB,,W,HEX,LC7MX48AB,HEX,815H,201212,28.35,0.00,0.00,28.35,1625.59,0.00,0.00,4580.42,0.00,0.00,4470.59,,0048AB,L
LRIPOC,C7MX48AB-816HFIT1,Scheduled and Unscheduled Maintenance CLIN 48AB,,W,HHX,LC7MX48AB,HHX,816H,201110,0.00,5.50,0.00,0.00,0.00,0.00,362.23,0.00,0.00,957.23,0.00,,0048AB,L
LRIPOC,C7MX48AB-816HFIT1,Scheduled and Unscheduled Maintenance CLIN 48AB,,W,HHX,LC7MX48AB,HHX,816H,201111,14.00,0.00,14.00,14.00,774.62,774.62,0.00,2121.65,2121.65,0.00,1969.98,,0048AB,L
LRIPOC,C7MX48AB-816HFIT1,Scheduled and Unscheduled Maintenance CLIN 48AB,,W,HHX,LC7MX48AB,HHX,816H,201112,14.80,4.30,14.80,14.80,818.88,818.88,256.53,2242.89,2242.89,677.90,2082.55,,0048AB,L
LRIPOC,C7MX48AB-816HFIT1,Scheduled and Unscheduled Maintenance CLIN 48AB,,W,HHX,LC7MX48AB,HHX,816H,201201,14.00,57.00,14.00,19.30,802.76,802.76,3483.76,2261.93,2261.93,9711.22,3118.24,,0048AB,L
LRIPOC,C7MX48AB-816HFIT1,Scheduled and Unscheduled Maintenance CLIN 48AB,,W,HHX,LC7MX48AB,HHX,816H,201202,14.80,41.70,14.80,20.00,848.63,848.63,2517.67,2391.19,2391.19,7018.18,3231.33,,0048AB,L
LRIPOC,C7MX48AB-816HFIT1,Scheduled and Unscheduled Maintenance CLIN 48AB,,W,HHX,LC7MX48AB,HHX,816H,201203,18.00,0.00,18.00,0.00,1032.12,1032.12,0.00,2908.20,2908.20,0.00,0.00,,0048AB,L
LRIPOC,C7MX48AB-816HFIT2,Scheduled and Unscheduled Maintenance CLIN 48AB,,W,HHX,LC7MX48AB,HHX,816H,201111,8.10,0.00,8.10,8.10,448.17,448.17,0.00,1227.53,1227.53,0.00,1139.77,,0048AB,L
LRIPOC,C7MX48AB-816HFIT2,Scheduled and Unscheduled Maintenance CLIN 48AB,,W,HHX,LC7MX48AB,HHX,816H,201112,8.50,6.00,8.50,8.50,470.31,470.31,370.50,1288.14,1288.14,979.08,1196.06,,0048AB,L
LRIPOC,C7MX48AB-816HFIT2,Scheduled and Unscheduled Maintenance CLIN 48AB,,W,HHX,LC7MX48AB,HHX,816H,201201,8.10,0.00,8.10,10.60,464.45,464.45,0.00,1308.69,1308.69,0.00,1712.61,,0048AB,L
LRIPOC,C7MX48AB-816HFIT2,Scheduled and Unscheduled Maintenance CLIN 48AB,,W,HHX,LC7MX48AB,HHX,816H,201202,8.50,0.00,8.50,8.50,487.39,487.39,0.00,1373.32,1373.32,0.00,1373.32,,0048AB,L
LRIPOC,C7MX48AB-816HFIT2,Scheduled and Unscheduled Maintenance CLIN 48AB,,W,HHX,LC7MX48AB,HHX,816H,201203,10.50,0.00,10.50,10.50,602.07,602.07,0.00,1696.45,1696.45,0.00,1655.77,,0048AB,L
LRIPOC,C7MX48AB-816HFIT2,Scheduled and Unscheduled Maintenance CLIN 48AB,,W,HHX,LC7MX48AB,HHX,816H,201204,8.50,0.00,0.00,8.50,487.39,0.00,0.00,1373.32,0.00,0.00,1340.39,,0048AB,L
LRIPOC,C7MX48AB-816HFIT2,Scheduled and Unscheduled Maintenance CLIN 48AB,,W,HHX,LC7MX48AB,HHX,816H,201205,8.50,0.00,0.00,8.50,487.39,0.00,0.00,1373.32,0.00,0.00,1340.39,,0048AB,L
LRIPOC,C7MX48AB-816HFIT2,Scheduled and Unscheduled Maintenance CLIN 48AB,,W,HHX,LC7MX48AB,HHX,816H,201206,10.40,0.00,0.00,10.40,596.34,0.00,0.00,1680.29,0.00,0.00,1640.00,,0048AB,L
LRIPOC,C7MX48AB-816HFIT2,Scheduled and Unscheduled Maintenance CLIN 48AB,,W,HHX,LC7MX48AB,HHX,816H,201207,8.10,0.00,0.00,16.60,464.45,0.00,0.00,1308.69,0.00,0.00,2617.70,,0048AB,L
LRIPOC,C7MX48AB-816HFIT3,Scheduled and Unscheduled Maintenance CLIN 48AB,,W,HHX,LC7MX48AB,HHX,816H,201205,11.60,0.00,0.00,11.60,665.14,0.00,0.00,1874.17,0.00,0.00,1829.24,,0048AB,L
LRIPOC,C7MX48AB-816HFIT3,Scheduled and Unscheduled Maintenance CLIN 48AB,,W,HHX,LC7MX48AB,HHX,816H,201206,14.10,0.00,0.00,14.10,808.49,0.00,0.00,2278.09,0.00,0.00,2223.47,,0048AB,L
LRIPOC,C7MX48AB-816HFIT3,Scheduled and Unscheduled Maintenance CLIN 48AB,,W,HHX,LC7MX48AB,HHX,816H,201207,10.90,0.00,0.00,10.90,625.01,0.00,0.00,1761.08,0.00,0.00,1718.85,,0048AB,L
LRIPOC,C7MX48AB-816HFIT3,Scheduled and Unscheduled Maintenance CLIN 48AB,,W,HHX,LC7MX48AB,HHX,816H,201208,11.60,0.00,0.00,11.60,665.14,0.00,0.00,1874.17,0.00,0.00,1829.24,,0048AB,L
LRIPOC,C7MX48AB-816HFIT3,Scheduled and Unscheduled Maintenance CLIN 48AB,,W,HHX,LC7MX48AB,HHX,816H,201209,13.50,0.00,0.00,13.50,774.09,0.00,0.00,2181.15,0.00,0.00,2128.85,,0048AB,L
LRIPOC,C7MX48AB-816HFIT3,Scheduled and Unscheduled Maintenance CLIN 48AB,,W,HHX,LC7MX48AB,HHX,816H,201210,11.60,0.00,0.00,11.60,665.14,0.00,0.00,1874.17,0.00,0.00,1829.24,,0048AB,L
LRIPOC,C7MX48AB-816HFIT3,Scheduled and Unscheduled Maintenance CLIN 48AB,,W,HHX,LC7MX48AB,HHX,816H,201211,10.90,0.00,0.00,10.90,625.01,0.00,0.00,1761.08,0.00,0.00,1718.85,,0048AB,L
LRIPOC,C7MX48AB-816HFIT3,Scheduled and Unscheduled Maintenance CLIN 48AB,,W,HHX,LC7MX48AB,HHX,816H,201212,5.80,0.00,0.00,5.80,332.57,0.00,0.00,937.09,0.00,0.00,914.62,,0048AB,L
LRIPOC,C7MX48AB-819HFIT1,AV IPT Flight Systems Anomaly Investigation Support Retrofit #1,,W,HJX,LC7MX48AB,HJX,819H,201201,0.00,1.70,0.00,0.00,0.00,0.00,69.37,0.00,0.00,166.81,0.00,,0048AB,L
LRIPOC,C7MX48AB-819HFIT1,AV IPT Flight Systems Anomaly Investigation Support Retrofit #1,,W,HJX,LC7MX48AB,HJX,819H,201202,0.00,199.10,0.00,0.00,0.00,0.00,7425.72,0.00,0.00,20699.70,0.00,,0048AB,L
LRIPOC,C7MX48AB-819HFIT1,AV IPT Flight Systems Anomaly Investigation Support Retrofit #1,,W,HJX,LC7MX48AB,HJX,819H,201203,9.90,0.00,9.90,9.90,567.67,567.67,0.00,1599.51,1599.51,0.00,1561.16,,0048AB,L
LRIPOC,C7MX48AB-819HFIT2,AV IPT Flight Systems Anomaly Investigation Support Retrofit #2,,W,HJX,LC7MX48AB,HJX,819H,201112,0.00,3.00,0.00,0.00,0.00,0.00,129.96,0.00,0.00,343.43,0.00,,0048AB,L
LRIPOC,C7MX48AB-819HFIT2,AV IPT Flight Systems Anomaly Investigation Support Retrofit #2,,W,HJX,LC7MX48AB,HJX,819H,201205,18.90,0.00,0.00,15.90,1083.73,0.00,0.00,3053.61,0.00,0.00,2507.31,,0048AB,L
LRIPOC,C7MX48AB-819HFIT3,AV IPT Flight Systems Anomaly Investigation Support Retrofit #3,,W,HJX,LC7MX48AB,HJX,819H,201205,9.40,0.00,0.00,9.40,539.00,0.00,0.00,1518.73,0.00,0.00,1482.31,,0048AB,L
LRIPOC,C7MX48AB-819HFIT3,AV IPT Flight Systems Anomaly Investigation Support Retrofit #3,,W,HJX,LC7MX48AB,HJX,819H,201212,9.50,0.00,0.00,9.50,544.73,0.00,0.00,1534.88,0.00,0.00,1498.08,,0048AB,L
LRIPOC,C7MX48AB-4J4G0030,Scheduled and Unscheduled Maintenance CLIN 48A,,W,HHX,LC7MX48AB,HHX,4J4G,201110,52.70,0.00,0.00,52.70,2393.63,0.00,0.00,9096.29,0.00,0.00,7858.93,,0048AB,L
LRIPOC,C7MX48AB-4J4G0030,Scheduled and Unscheduled Maintenance CLIN 48A,,W,HHX,LC7MX48AB,HHX,4J4G,201111,49.70,0.00,102.40,49.70,2257.37,4651.01,0.00,8578.47,17674.76,0.00,7411.55,,0048AB,L
LRIPOC,C7MX48AB-4J4G0030,Scheduled and Unscheduled Maintenance CLIN 48A,,W,HHX,LC7MX48AB,HHX,4J4G,201112,52.70,0.00,52.70,52.70,2393.63,2393.63,0.00,9096.29,9096.29,0.00,7858.93,,0048AB,L
LRIPOC,C7MX48AB-4J4G0030,Scheduled and Unscheduled Maintenance CLIN 48A,,W,HHX,LC7MX48AB,HHX,4J4G,201201,49.70,0.00,49.70,73.00,2456.67,2456.67,0.00,9148.13,9148.13,0.00,13436.90,,0048AB,L
LRIPOC,C7MX48AB-4J4G0030,Scheduled and Unscheduled Maintenance CLIN 48A,,W,HHX,LC7MX48AB,HHX,4J4G,201202,52.70,0.00,52.70,73.00,2604.96,2604.96,0.00,9700.33,9700.33,0.00,13436.90,,0048AB,L
LRIPOC,C7MX48AB-4J4G0030,Scheduled and Unscheduled Maintenance CLIN 48A,,W,HHX,LC7MX48AB,HHX,4J4G,201203,64.60,0.00,64.60,147.00,3193.18,3193.18,0.00,11890.73,11890.73,0.00,26146.98,,0048AB,L
LRIPOC,C7MX48AB-4J3G0030,Scheduled and Unscheduled Maintenance CLIN 48A,,W,HHX,LC7MX48AB,HHX,4J3G,201110,23.00,0.00,0.00,23.00,1111.59,0.00,0.00,4224.26,0.00,0.00,3623.96,,0048AB,L
LRIPOC,C7MX48AB-4J3G0030,Scheduled and Unscheduled Maintenance CLIN 48A,,W,HHX,LC7MX48AB,HHX,4J3G,201111,22.00,0.00,45.00,22.00,1063.26,2174.85,0.00,4040.60,8264.86,0.00,3466.40,,0048AB,L
LRIPOC,C7MX48AB-4J3G0030,Scheduled and Unscheduled Maintenance CLIN 48A,,W,HHX,LC7MX48AB,HHX,4J3G,201112,23.00,0.00,23.00,23.00,1111.59,1111.59,0.00,4224.26,4224.26,0.00,3623.96,,0048AB,L
LRIPOC,C7MX48AB-4J3G0030,Scheduled and Unscheduled Maintenance CLIN 48A,,W,HHX,LC7MX48AB,HHX,4J3G,201201,22.00,0.00,22.00,28.00,1087.46,1087.46,0.00,4049.48,4049.48,0.00,5153.88,,0048AB,L
LRIPOC,C7MX48AB-4J3G0030,Scheduled and Unscheduled Maintenance CLIN 48A,,W,HHX,LC7MX48AB,HHX,4J3G,201202,23.00,0.00,23.00,28.00,1136.89,1136.89,0.00,4233.54,4233.54,0.00,5153.88,,0048AB,L
LRIPOC,C7MX48AB-4J3G0030,Scheduled and Unscheduled Maintenance CLIN 48A,,W,HHX,LC7MX48AB,HHX,4J3G,201203,28.00,0.00,28.00,68.00,1384.04,1384.04,0.00,5153.88,5153.88,0.00,12095.20,,0048AB,L
LRIPOC,C7MX48AB-4J350030,Scheduled and Unscheduled Maintenance CLIN 48A,,W,HHX,LC7MX48AB,HHX,4J35,201110,4.00,0.00,0.00,4.00,193.32,0.00,0.00,734.65,0.00,0.00,630.25,,0048AB,L
LRIPOC,C7MX48AB-4J350030,Scheduled and Unscheduled Maintenance CLIN 48A,,W,HHX,LC7MX48AB,HHX,4J35,201111,4.00,0.00,8.00,4.00,193.32,386.64,0.00,734.65,1469.31,0.00,630.25,,0048AB,L
LRIPOC,C7MX48AB-4J350030,Scheduled and Unscheduled Maintenance CLIN 48A,,W,HHX,LC7MX48AB,HHX,4J35,201112,4.00,3.00,4.00,4.00,193.32,193.32,147.51,734.65,734.65,523.32,630.25,,0048AB,L
LRIPOC,C7MX48AB-4J350030,Scheduled and Unscheduled Maintenance CLIN 48A,,W,HHX,LC7MX48AB,HHX,4J35,201201,4.00,0.00,4.00,9.00,197.72,197.72,0.00,736.27,736.27,0.00,1656.60,,0048AB,L
LRIPOC,C7MX48AB-4J350030,Scheduled and Unscheduled Maintenance CLIN 48A,,W,HHX,LC7MX48AB,HHX,4J35,201202,4.00,0.00,4.00,9.00,197.72,197.72,0.00,736.27,736.27,0.00,1656.60,,0048AB,L
LRIPOC,C7MX48AB-4J350030,Scheduled and Unscheduled Maintenance CLIN 48A,,W,HHX,LC7MX48AB,HHX,4J35,201203,4.00,0.00,4.00,19.00,197.72,197.72,0.00,736.27,736.27,0.00,3379.54,,0048AB,L
LRIPOC,C7MX48AB-4D310030,Scheduled and Unscheduled Maintenance CLIN 48A,,W,HHX,LC7MX48AB,HHX,4D31,201110,4.00,0.00,0.00,4.00,193.32,0.00,0.00,734.65,0.00,0.00,630.25,,0048AB,L
LRIPOC,C7MX48AB-4D310030,Scheduled and Unscheduled Maintenance CLIN 48A,,W,HHX,LC7MX48AB,HHX,4D31,201111,14.00,0.00,18.00,14.00,676.62,869.94,0.00,2571.29,3305.95,0.00,2205.89,,0048AB,L
LRIPOC,C7MX48AB-4D310030,Scheduled and Unscheduled Maintenance CLIN 48A,,W,HHX,LC7MX48AB,HHX,4D31,201112,4.00,0.00,4.00,4.00,193.32,193.32,0.00,734.65,734.65,0.00,630.25,,0048AB,L
LRIPOC,C7MX48AB-4D310030,Scheduled and Unscheduled Maintenance CLIN 48A,,W,HHX,LC7MX48AB,HHX,4D31,201201,4.00,0.50,4.00,5.00,197.72,197.72,17.01,736.27,736.27,62.23,920.34,,0048AB,L
LRIPOC,C7MX48AB-4D310030,Scheduled and Unscheduled Maintenance CLIN 48A,,W,HHX,LC7MX48AB,HHX,4D31,201202,4.00,0.00,4.00,5.00,197.72,197.72,0.00,736.27,736.27,0.00,920.34,,0048AB,L
LRIPOC,C7MX48AB-4D310030,Scheduled and Unscheduled Maintenance CLIN 48A,,W,HHX,LC7MX48AB,HHX,4D31,201203,4.00,0.00,4.00,11.00,197.72,197.72,0.00,736.27,736.27,0.00,1956.58,,0048AB,L
LRIPOC,R421GSIN-816H0030,AV IPT Liaison Eng. Support - LRE2,Lot 4,W,HHX,LR421GSIN,HHX,816H,201111,14.00,0.00,14.00,14.00,664.30,664.30,0.00,1819.49,1819.49,0.00,1713.35,,0047AA,L
LRIPOC,R421GSIN-816H0030,AV IPT Liaison Eng. Support - LRE2,Lot 4,W,HHX,LR421GSIN,HHX,816H,201112,14.00,0.00,14.00,14.00,664.30,664.30,0.00,1819.49,1819.49,0.00,1713.35,,0047AA,L
LRIPOC,R421GSIN-816H0030,AV IPT Liaison Eng. Support - LRE2,Lot 4,W,HHX,LR421GSIN,HHX,816H,201201,14.00,0.70,14.00,17.00,802.76,802.76,49.81,2261.93,2261.93,138.85,2746.63,,0047AA,L
LRIPOC,R421GSIN-816H0030,AV IPT Liaison Eng. Support - LRE2,Lot 4,W,HHX,LR421GSIN,HHX,816H,201202,12.00,0.00,12.00,17.00,688.08,688.08,0.00,1938.80,1938.80,0.00,2746.63,,0047AA,L
LRIPOC,R421GSIN-816H0030,AV IPT Liaison Eng. Support - LRE2,Lot 4,W,HHX,LR421GSIN,HHX,816H,201203,12.00,0.00,12.00,18.00,688.08,688.08,0.00,1938.80,1938.80,0.00,2838.47,,0047AA,L
LRIPOC,R421GSIN-816H0030,AV IPT Liaison Eng. Support - LRE2,Lot 4,W,HHX,LR421GSIN,HHX,816H,201204,7.80,0.00,0.00,24.80,447.25,0.00,0.00,1260.22,0.00,0.00,3910.78,,0047AA,L
LRIPOC,R422GSIN-816H0030,AV IPT Liaison Eng. Support - MCE2,Lot 4,W,HHX,LR422GSIN,HHX,816H,201111,14.00,0.00,14.00,14.00,664.30,664.30,0.00,1819.49,1819.49,0.00,1713.35,,0047AA,L
LRIPOC,R422GSIN-816H0030,AV IPT Liaison Eng. Support - MCE2,Lot 4,W,HHX,LR422GSIN,HHX,816H,201112,14.00,0.00,14.00,14.00,664.30,664.30,0.00,1819.49,1819.49,0.00,1713.35,,0047AA,L
LRIPOC,R422GSIN-816H0030,AV IPT Liaison Eng. Support - MCE2,Lot 4,W,HHX,LR422GSIN,HHX,816H,201201,14.00,0.00,14.00,17.00,802.76,802.76,0.00,2261.93,2261.93,0.00,2746.63,,0047AA,L
LRIPOC,R422GSIN-816H0030,AV IPT Liaison Eng. Support - MCE2,Lot 4,W,HHX,LR422GSIN,HHX,816H,201202,12.00,0.00,12.00,17.00,688.08,688.08,0.00,1938.80,1938.80,0.00,2746.63,,0047AA,L
LRIPOC,R422GSIN-816H0030,AV IPT Liaison Eng. Support - MCE2,Lot 4,W,HHX,LR422GSIN,HHX,816H,201203,12.00,0.00,12.00,18.00,688.08,688.08,0.00,1938.80,1938.80,0.00,2838.47,,0047AA,L
LRIPOC,R422GSIN-816H0030,AV IPT Liaison Eng. Support - MCE2,Lot 4,W,HHX,LR422GSIN,HHX,816H,201204,7.80,0.00,0.00,24.80,447.25,0.00,0.00,1260.22,0.00,0.00,3910.78,,0047AA,L
,,,,,,,,,,,,,,,,,,,,,,,
