PROJECT,WBS ID,DESCRIPTION,ALIAS,E,CAM,CHARGE #,RESP,PERF,YYYYMM,BCWS HRS/UTS,ACT HRS/UTS,BCWP HRS/UTS,ETC HRS/UTS,BCWS PRIME,BCWP PRIME,ACT PRIME,BCWS T DLRS,BCWP T DLRS,ACT T DLRS,ETC T DLRS,CLIN,XREF4,E
LRIP6,R611010Z-4A1G0030,AV SUST- MFG LABOR,,W,HHA,LR611010Z,HHX,4A1G,201102,0.00,2.00,0.00,0.00,0.00,0.00,74.10,0.00,0.00,151.43,0.00,,0013,L
LRIP6,R611010Z-814H00F2,"SUSTAINING, EQUIP INTALL IPT, STRUCT ANALYSIS",,W,HED,LR611010Z,HEX,814H,201102,0.00,3.00,0.00,0.00,0.00,0.00,182.76,0.00,0.00,482.96,0.00,,0013,L
LRIP6,R611010Z-815H00C2,AV SUST- LIAISON ENG SUPPORT DESIGN,,W,HEX,LR611010Z,HEX,815H,201107,79.50,0.00,79.50,0.00,4091.87,4091.87,0.00,10526.02,10526.02,0.00,0.00,,0013,L
LRIP6,R611010Z-818H000V,AV SUST- LIAISON ENGR SUPPORT POWER MGMT,,W,HEX,LR611010Z,HEX,818H,201102,0.00,29.50,0.00,0.00,0.00,0.00,1351.79,0.00,0.00,3572.23,0.00,,0013,L
LRIP6,R611010Z-ML290030,AV SUST- MEC LABOR,,W,H00,LR611010Z,H00,ML29,201102,0.00,1.00,0.00,0.00,0.00,0.00,40.79,0.00,0.00,107.79,0.00,,0013,L
LRIP6,R611010Z-3J4A000Z,AV SUST- ME- COMPOSITE SYSTEMS,,W,HEX,LR611010Z,HEX,3J4A,201102,0.00,29.74,0.00,0.00,0.00,0.00,1054.98,0.00,0.00,3732.80,0.00,,0013,L
LRIP6,R611010Z-KC600030,Graphics Support F5 MLG Dwgs,,W,HEX,LR611010Z,HEX,KC60,201107,-79.50,0.00,-79.50,0.00,-2481.99,-2481.99,0.00,-6384.74,-6384.74,0.00,0.00,,0013,L
LRIP6,R611010Z-9G240030,AV SUSTAINING - PROCESSING OF TEWO EFDX,,W,HDX,LR611010Z,HDX,9G24,201102,0.00,1.30,0.00,0.00,0.00,0.00,66.48,0.00,0.00,175.68,0.00,,0013,L
LRIP6,R612ALLOC,ALL ALLOCATIONS,,W,H00,R612ALLOC,H00,2B41,201101,0.00,35.19,0.00,10.00,0.00,0.00,1186.96,0.00,0.00,4210.95,1079.95,,VAR,L
LRIP6,R612ALLOC,ALL ALLOCATIONS,,W,H00,R612ALLOC,H00,2B41,201102,0.00,0.01,0.00,79.00,0.00,0.00,0.88,0.00,0.00,3.12,8531.64,,VAR,L
LRIP6,R612ALLOC,ALL ALLOCATIONS,,W,H00,R612ALLOC,H00,2B41,201104,0.00,4.27,0.00,4.27,0.00,0.00,162.55,0.00,0.00,576.68,457.04,,VAR,L
LRIP6,R612ALLOC,ALL ALLOCATIONS,,W,H00,R612ALLOC,H00,2B41,201105,0.00,6.49,0.00,4.72,0.00,0.00,248.78,0.00,0.00,882.59,505.20,,VAR,L
LRIP6,R612MPT-0030,MAKE PART TRANSFER,,W,H00,VARIOUS,H00,MPT,201101,0.00,0.00,0.00,0.00,0.00,0.00,-2518.71,0.00,0.00,-8935.57,0.00,,VAR,L
LRIP6,R612MPT-0030,MAKE PART TRANSFER,,W,H00,VARIOUS,H00,MPT,201103,0.00,91.50,0.00,0.00,0.00,0.00,3238.73,0.00,0.00,11489.97,0.00,,VAR,L
LRIP6,R612MPT-0030,MAKE PART TRANSFER,,W,H00,VARIOUS,H00,MPT,201104,0.00,-91.50,0.00,0.00,0.00,0.00,251.76,0.00,0.00,893.16,0.00,,VAR,L
LRIP6,R612MPT-0030,MAKE PART TRANSFER,,W,H00,VARIOUS,H00,MPT,201105,0.00,0.00,0.00,0.00,0.00,0.00,0.03,0.00,0.00,0.11,0.00,,VAR,L
LRIP6,R612MPT-0030,MAKE PART TRANSFER,,W,H00,VARIOUS,H00,MPT,201106,0.00,0.00,0.00,0.00,0.00,0.00,-461.12,0.00,0.00,-1635.91,0.00,,VAR,L
LRIP6,R612MPT-0030,MAKE PART TRANSFER,,W,H00,VARIOUS,H00,MPT,201109,0.00,0.00,0.00,0.00,0.00,0.00,-928.08,0.00,0.00,-3292.53,0.00,,VAR,L
LRIP6,R612MPT-0030,MAKE PART TRANSFER,,W,H00,VARIOUS,H00,MPT,201111,0.00,0.00,0.00,0.00,0.00,0.00,53.12,0.00,0.00,188.45,0.00,,VAR,L
LRIP6,R6121D0Z-4P6BTCAD,TOOLING-TOOL FAB-EL SEGUNDO,,W,HHA,LR6121D0Z,HHX,4P6B,201102,0.00,0.04,0.00,0.00,0.00,0.00,1.69,0.00,0.00,4.47,0.00,,0015,L
LRIP6,R6121D0Z-9G240030,ES TOOLING STEREOLITHOGRAPHY,,W,HHX,LR6121D0Z,HHX,9G24,201102,0.00,0.12,0.00,0.00,0.00,0.00,6.43,0.00,0.00,16.99,0.00,,0015,L
LRIP6,R612230Z-2B2A0030,AMC MLG DOOR DEFICIENCIES,,W,HDX,LR612230Z,HDX,2B2A,201102,0.00,1.13,0.00,0.00,0.00,0.00,34.60,0.00,0.00,122.75,0.00,,0015,L
LRIP6,GL13ALLX-3A4A1400,AF-20 SEC 1400 ELEC FAB ASSY,,W,HEX,LGL13ALLX,HEX,3A4A,201105,0.00,0.00,0.00,55.80,0.00,0.00,0.00,0.00,0.00,0.00,7039.66,,0002,L
LRIP6,GL13ALLX-3A4A1400,AF-20 SEC 1400 ELEC FAB ASSY,,W,HEX,LGL13ALLX,HEX,3A4A,201106,0.00,0.00,0.00,55.80,0.00,0.00,0.00,0.00,0.00,0.00,6906.41,,0002,L
LRIP6,GL13ALLX-3A4A1400,AF-20 SEC 1400 ELEC FAB ASSY,,W,HEX,LGL13ALLX,HEX,3A4A,201107,0.00,0.00,0.00,55.80,0.00,0.00,0.00,0.00,0.00,0.00,6906.41,,0002,L
LRIP6,GL13ALLX-3A4A1400,AF-20 SEC 1400 ELEC FAB ASSY,,W,HEX,LGL13ALLX,HEX,3A4A,201112,0.00,0.00,0.00,0.00,0.00,0.00,0.00,0.00,0.00,0.00,0.00,,0002,L
LRIP6,GL13ALLX-3A4A1600,AF-20 SEC 1600 ELEC FAB ASSY,,W,HEX,LGL13ALLX,HEX,3A4A,201102,0.00,1.00,0.00,0.00,0.00,0.00,57.00,0.00,0.00,202.22,0.00,,0002,L
LRIP6,GL13ALLX-811H000U,AF-20 WEIGHT AND BALANCE TESTS,,W,HBC,,HBX,811H,201102,0.00,34.00,0.00,0.00,0.00,0.00,2040.34,0.00,0.00,5391.79,0.00,,0002,L
LRIP6,GL13ALLX-819H000A,FLIGHT TEST SUPPORT - AERO AF-20,,W,HJX,LGL13ALLX,HJX,819H,201103,0.00,0.00,22.00,0.00,0.00,1088.34,0.00,0.00,2812.92,0.00,0.00,,0002,L
LRIP6,GL13ALLX-819H000B,FLIGHT TEST SUPPORT - PROPULSION AF-20,,W,HJX,LGL13ALLX,HJX,819H,201103,0.00,0.00,7.00,0.00,0.00,346.29,0.00,0.00,895.02,0.00,0.00,,0002,L
LRIP6,GL13ALLX-819H000D,ENGINEERING SUPPORT FOR AF-20,,W,HJX,LGL13ALLX,HJX,819H,201103,0.00,0.00,135.00,0.00,0.00,6678.45,0.00,0.00,17261.09,0.00,0.00,,0002,L
LRIP6,GL14ALLX-3A4A1400,AF-21 ELEC FAB: Assembly and Test of Ele,,W,HEX,LGL14ALLX,HEX,3A4A,201102,0.00,0.00,0.00,107.45,0.00,0.00,0.00,0.00,0.00,0.00,13930.59,,0003,L
LRIP6,GL14ALLX-3A4A1400,AF-21 ELEC FAB: Assembly and Test of Ele,,W,HEX,LGL14ALLX,HEX,3A4A,201103,0.00,0.00,0.00,36.21,0.00,0.00,0.00,0.00,0.00,0.00,4694.52,,0003,L
LRIP6,GL14ALLX-3A4A1400,AF-21 ELEC FAB: Assembly and Test of Ele,,W,HEX,LGL14ALLX,HEX,3A4A,201104,0.00,0.00,0.00,36.21,0.00,0.00,0.00,0.00,0.00,0.00,4568.21,,0003,L
LRIP6,GL14ALLX-3A4A1400,AF-21 ELEC FAB: Assembly and Test of Ele,,W,HEX,LGL14ALLX,HEX,3A4A,201105,0.00,0.00,0.00,36.21,0.00,0.00,0.00,0.00,0.00,0.00,4568.21,,0003,L
LRIP6,GL14ALLX-3A4A1400,AF-21 ELEC FAB: Assembly and Test of Ele,,W,HEX,LGL14ALLX,HEX,3A4A,201106,0.00,0.00,0.00,36.21,0.00,0.00,0.00,0.00,0.00,0.00,4481.74,,0003,L
LRIP6,GL14ALLX-3A4A1400,AF-21 ELEC FAB: Assembly and Test of Ele,,W,HEX,LGL14ALLX,HEX,3A4A,201107,0.00,0.00,0.00,36.21,0.00,0.00,0.00,0.00,0.00,0.00,4481.74,,0003,L
LRIP6,GL14ALLX-3A4A1400,AF-21 ELEC FAB: Assembly and Test of Ele,,W,HEX,LGL14ALLX,HEX,3A4A,201112,0.00,0.00,0.00,36.21,0.00,0.00,0.00,0.00,0.00,0.00,4218.63,,0003,L
LRIP6,GL14ALLX-3A4A1600,AF-21 ELEC FAB: Assembly and Test of Ele,,W,HEX,LGL14ALLX,HEX,3A4A,201101,0.00,14.87,0.00,0.00,0.00,0.00,489.01,0.00,0.00,1734.85,0.00,,0003,L
LRIP6,GL14ALLX-4A1G1100,AF-21 BUILD PMC SECT1100,,W,HHA,LGL14ALLX,HHX,4A1G,201102,0.00,2.00,0.00,0.00,0.00,0.00,52.04,0.00,0.00,184.62,0.00,,0003,L
LRIP6,GL14ALLX-4A1G1400,AF-21 BUILD PMC SECT1400,,W,HHA,LGL14ALLX,HHX,4A1G,201102,0.00,3.00,0.00,0.00,0.00,0.00,103.08,0.00,0.00,365.69,0.00,,0003,L
LRIP6,GL14ALLX-819H000A,ENGINEERING SUPPORT FOR AF-21 AERO,,W,HJX,LGL14ALLX,HJX,819H,201103,0.00,0.00,22.00,0.00,0.00,1088.34,0.00,0.00,2812.92,0.00,0.00,,0003,L
LRIP6,GL14ALLX-819H000B,ENGINEERING SUPPORT AF-21 PROPULSION,,W,HJX,LGL14ALLX,HJX,819H,201103,0.00,0.00,7.00,0.00,0.00,346.29,0.00,0.00,895.02,0.00,0.00,,0003,L
LRIP6,GL14ALLX-819H000D,ENGINEERING SUPPORT FOR AF-21,,W,HJX,LGL14ALLX,HJX,819H,201103,0.00,0.00,132.00,20.00,0.00,6530.04,0.00,0.00,16877.51,0.00,2925.50,,0003,L
LRIP6,GL15ALLX-3A4A1400,AF-22 ELEC FAB: Assembly and Test of Ele,,W,HEX,LGL15ALLX,HEX,3A4A,201102,0.00,0.00,0.00,65.84,0.00,0.00,0.00,0.00,0.00,0.00,8535.97,,0004,L
LRIP6,GL15ALLX-3A4A1400,AF-22 ELEC FAB: Assembly and Test of Ele,,W,HEX,LGL15ALLX,HEX,3A4A,201103,0.00,0.00,0.00,64.84,0.00,0.00,0.00,0.00,0.00,0.00,8406.32,,0004,L
LRIP6,GL15ALLX-3A4A1400,AF-22 ELEC FAB: Assembly and Test of Ele,,W,HEX,LGL15ALLX,HEX,3A4A,201104,0.00,0.00,0.00,64.84,0.00,0.00,0.00,0.00,0.00,0.00,8180.14,,0004,L
LRIP6,GL15ALLX-3A4A1400,AF-22 ELEC FAB: Assembly and Test of Ele,,W,HEX,LGL15ALLX,HEX,3A4A,201105,0.00,0.00,0.00,64.84,0.00,0.00,0.00,0.00,0.00,0.00,8180.14,,0004,L
LRIP6,GL15ALLX-3A4A1400,AF-22 ELEC FAB: Assembly and Test of Ele,,W,HEX,LGL15ALLX,HEX,3A4A,201106,0.00,0.00,0.00,64.84,0.00,0.00,0.00,0.00,0.00,0.00,8025.30,,0004,L
LRIP6,GL15ALLX-3A4A1400,AF-22 ELEC FAB: Assembly and Test of Ele,,W,HEX,LGL15ALLX,HEX,3A4A,201107,0.00,0.00,0.00,64.84,0.00,0.00,0.00,0.00,0.00,0.00,8025.30,,0004,L
LRIP6,GL15ALLX-3A4A1400,AF-22 ELEC FAB: Assembly and Test of Ele,,W,HEX,LGL15ALLX,HEX,3A4A,201112,0.00,0.00,0.00,0.00,0.00,0.00,0.00,0.00,0.00,0.00,0.00,,0004,L
LRIP6,GL15ALLX-3A4A1600,AF-22 ELEC FAB: Assembly and Test of Ele,,W,HEX,LGL15ALLX,HEX,3A4A,201101,0.00,35.57,0.00,0.00,0.00,0.00,1341.48,0.00,0.00,4759.14,0.00,,0004,L
LRIP6,GL15ALLX-4A1G1100,AF-22 BUILD PMC SECT1100,,W,HHA,LGL15ALLX,HHX,4A1G,201101,0.00,1.90,0.00,0.00,0.00,0.00,38.25,0.00,0.00,135.70,0.00,,0004,L
LRIP6,GL15ALLX-4A1G1400,AF-22 BUILD PMC SECT1400,,W,HHA,LGL15ALLX,HHX,4A1G,201102,0.00,10.50,0.00,0.00,0.00,0.00,273.21,0.00,0.00,969.26,0.00,,0004,L
LRIP6,GL15ALLX-815H1102,AF-22 - AV Support - 9G08 - Edwards,,W,HEX,LGL15ALLX,HEX,815H,201102,0.00,8.00,0.00,0.00,0.00,0.00,341.04,0.00,0.00,901.23,0.00,,0004,L
LRIP6,GL15ALLX-815H1400,AF-22 - AV Engrg Support - 4A1G - Palmda,,W,HEX,LGL15ALLX,HEX,815H,201102,0.00,5.50,0.00,0.00,0.00,0.00,288.86,0.00,0.00,763.34,0.00,,0004,L
LRIP6,GL15ALLX-819H000A,ENGINEERING SUPPORT AF-22 AERO,,W,HJX,LGL15ALLX,HJX,819H,201103,0.00,0.00,22.00,0.00,0.00,1088.34,0.00,0.00,2812.92,0.00,0.00,,0004,L
LRIP6,GL15ALLX-819H000B,ENGINEERING SUPPORT AF-22 PROPULSION,,W,HJX,LGL15ALLX,HJX,819H,201103,0.00,0.00,7.00,0.00,0.00,346.29,0.00,0.00,895.02,0.00,0.00,,0004,L
LRIP6,GL15ALLX-819H000D,ENGINEERING SUPPORT FOR AF-22,,W,HJX,LGL15ALLX,HJX,819H,201103,0.00,0.00,132.00,0.00,0.00,6530.04,0.00,0.00,16877.51,0.00,0.00,,0004,L
LRIP6,GL16ALLX-3A4A1400,AF-23 ELEC FAB: Assembly and Test of Ele,,W,HEX,LGL16ALLX,HEX,3A4A,201102,0.00,0.00,0.00,91.66,0.00,0.00,0.00,0.00,0.00,0.00,11883.46,,0005,L
LRIP6,GL16ALLX-3A4A1400,AF-23 ELEC FAB: Assembly and Test of Ele,,W,HEX,LGL16ALLX,HEX,3A4A,201103,0.00,0.00,0.00,86.16,0.00,0.00,0.00,0.00,0.00,0.00,11170.40,,0005,L
LRIP6,GL16ALLX-3A4A1400,AF-23 ELEC FAB: Assembly and Test of Ele,,W,HEX,LGL16ALLX,HEX,3A4A,201104,0.00,0.00,0.00,86.16,0.00,0.00,0.00,0.00,0.00,0.00,10869.84,,0005,L
LRIP6,GL16ALLX-3A4A1400,AF-23 ELEC FAB: Assembly and Test of Ele,,W,HEX,LGL16ALLX,HEX,3A4A,201105,0.00,0.00,0.00,86.16,0.00,0.00,0.00,0.00,0.00,0.00,10869.84,,0005,L
LRIP6,GL16ALLX-3A4A1400,AF-23 ELEC FAB: Assembly and Test of Ele,,W,HEX,LGL16ALLX,HEX,3A4A,201106,0.00,0.00,0.00,86.16,0.00,0.00,0.00,0.00,0.00,0.00,10664.10,,0005,L
LRIP6,GL16ALLX-3A4A1400,AF-23 ELEC FAB: Assembly and Test of Ele,,W,HEX,LGL16ALLX,HEX,3A4A,201107,0.00,0.00,0.00,86.16,0.00,0.00,0.00,0.00,0.00,0.00,10664.10,,0005,L
LRIP6,GL16ALLX-3A4A1600,AF-23 ELEC FAB: Assembly and Test of Ele,,W,HEX,LGL16ALLX,HEX,3A4A,201102,0.00,2.00,0.00,0.00,0.00,0.00,91.16,0.00,0.00,323.41,0.00,,0005,L
LRIP6,GL16ALLX-4A1G1100,AF-23 BUILD PMC SECT1100,,W,HHA,LGL16ALLX,HHX,4A1G,201102,0.00,2.00,0.00,0.00,0.00,0.00,74.83,0.00,0.00,265.44,0.00,,0005,L
LRIP6,GL16ALLX-815H0030,AF-23 - AV Support - 9G08 - Edwards,,W,HEX,LGL16ALLX,HEX,815H,201101,0.00,0.00,0.00,22.50,0.00,0.00,0.00,0.00,0.00,0.00,3291.19,,0005,L
LRIP6,GL16ALLX-815H0030,AF-23 - AV Support - 9G08 - Edwards,,W,HEX,LGL16ALLX,HEX,815H,201102,0.00,0.00,0.00,66.90,0.00,0.00,0.00,0.00,0.00,0.00,9785.80,,0005,L
LRIP6,GL16ALLX-815H0030,AF-23 - AV Support - 9G08 - Edwards,,W,HEX,LGL16ALLX,HEX,815H,201103,0.00,0.00,0.00,57.40,0.00,0.00,0.00,0.00,0.00,0.00,8396.19,,0005,L
LRIP6,GL16ALLX-815H0030,AF-23 - AV Support - 9G08 - Edwards,,W,HEX,LGL16ALLX,HEX,815H,201104,0.00,0.00,0.00,57.40,0.00,0.00,0.00,0.00,0.00,0.00,8321.45,,0005,L
LRIP6,GL16ALLX-815H0030,AF-23 - AV Support - 9G08 - Edwards,,W,HEX,LGL16ALLX,HEX,815H,201105,0.00,0.00,0.00,57.40,0.00,0.00,0.00,0.00,0.00,0.00,8321.45,,0005,L
LRIP6,GL16ALLX-815H0030,AF-23 - AV Support - 9G08 - Edwards,,W,HEX,LGL16ALLX,HEX,815H,201106,0.00,0.00,0.00,27.40,0.00,0.00,0.00,0.00,0.00,0.00,3903.43,,0005,L
LRIP6,GL16ALLX-815H0030,AF-23 - AV Support - 9G08 - Edwards,,W,HEX,LGL16ALLX,HEX,815H,201107,0.00,0.00,253.00,0.00,0.00,12515.70,0.00,0.00,32348.03,0.00,0.00,,0005,L
LRIP6,GL16ALLX-815H0030,AF-23 - AV Support - 9G08 - Edwards,,W,HEX,LGL16ALLX,HEX,815H,201109,0.00,0.00,0.00,7.40,0.00,0.00,0.00,0.00,0.00,0.00,1054.13,,0005,L
LRIP6,GL16ALLX-815H0030,AF-23 - AV Support - 9G08 - Edwards,,W,HEX,LGL16ALLX,HEX,815H,201110,0.00,0.00,0.00,5.00,0.00,0.00,0.00,0.00,0.00,0.00,712.25,,0005,L
LRIP6,GL16ALLX-815H0030,AF-23 - AV Support - 9G08 - Edwards,,W,HEX,LGL16ALLX,HEX,815H,201111,0.00,0.00,15.99,5.00,0.00,791.15,0.00,0.00,2044.79,0.00,703.56,,0005,L
LRIP6,GL16ALLX-815H0030,AF-23 - AV Support - 9G08 - Edwards,,W,HEX,LGL16ALLX,HEX,815H,201201,0.00,0.00,0.00,27.40,0.00,0.00,0.00,0.00,0.00,0.00,4426.93,,0005,L
LRIP6,GL16ALLX-819H000A,ENGINEERING SUPPORT AF-23 - AERO,,W,HJX,LGL16ALLX,HJX,819H,201103,0.00,0.00,22.00,0.00,0.00,1088.34,0.00,0.00,2812.92,0.00,0.00,,0005,L
LRIP6,GL16ALLX-819H000B,ENGINEERING SUPPORT AF-23 - PROPULSION,,W,HJX,LGL16ALLX,HJX,819H,201103,0.00,0.00,7.00,0.00,0.00,346.29,0.00,0.00,895.02,0.00,0.00,,0005,L
LRIP6,GL16ALLX-819H000D,ENGINEERING SUPPORT FOR AF-23,,W,HJX,LGL16ALLX,HJX,819H,201103,0.00,0.00,132.00,20.00,0.00,6530.04,0.00,0.00,16877.51,0.00,2925.50,,0005,L
LRIP6,GL16BPAC-4A1G0030,Palmdale Ph3 AF23 Support,,W,HHX,LGL16BPAC,HHX,4A1G,201102,0.00,3.50,0.00,0.00,0.00,0.00,132.83,0.00,0.00,271.46,0.00,,0035,L
LRIP6,GL17ALLX-3A4A1600,AF-24 ELEC FAB: Assembly and Test of Ele,,W,HEX,LGL17ALLX,HEX,3A4A,201101,0.00,11.67,0.00,0.00,0.00,0.00,439.96,0.00,0.00,1560.84,0.00,,0006,L
LRIP6,GL17ALLX-4A1G1100,AF-24 BUILD PMC SECT1100,,W,HHA,LGL17ALLX,HHX,4A1G,201101,0.00,-110.10,0.00,0.00,0.00,0.00,-4162.75,0.00,0.00,-14768.10,0.00,,0006,L
LRIP6,GL17ALLX-4A1G1100,AF-24 BUILD PMC SECT1100,,W,HHA,LGL17ALLX,HHX,4A1G,201102,0.00,16.10,0.00,0.00,0.00,0.00,535.00,0.00,0.00,1418.78,0.00,,0006,L
LRIP6,GL17ALLX-4A1G1100,AF-24 BUILD PMC SECT1100,,W,HHA,LGL17ALLX,HHX,4A1G,201103,0.00,-46.90,0.00,0.00,0.00,0.00,-1403.96,0.00,0.00,-4980.80,0.00,,0006,L
LRIP6,GL17ALLX-4A1G1100,AF-24 BUILD PMC SECT1100,,W,HHA,LGL17ALLX,HHX,4A1G,201108,0.00,6.70,0.00,0.00,0.00,0.00,199.53,0.00,0.00,707.87,0.00,,0006,L
LRIP6,GL17ALLX-4A1G1400,AF-24 BUILD PMC SECT1400,,W,HHA,LGL17ALLX,HHX,4A1G,201101,0.00,1.00,0.00,0.00,0.00,0.00,36.41,0.00,0.00,129.17,0.00,,0006,L
LRIP6,GL17ALLX-4A1G1400,AF-24 BUILD PMC SECT1400,,W,HHA,LGL17ALLX,HHX,4A1G,201103,0.00,11.00,0.00,11.00,0.00,0.00,300.85,0.00,0.00,1067.32,1426.12,,0006,L
LRIP6,GL17ALLX-815H1101,AF-24 - AV Support - 4A1G - Palmdale (PM,,W,HEX,LGL17ALLX,HEX,815H,201101,0.00,5.50,0.00,0.00,0.00,0.00,269.61,0.00,0.00,712.47,0.00,,0006,L
LRIP6,GL17ALLX-815H1101,AF-24 - AV Support - 4A1G - Palmdale (PM,,W,HEX,LGL17ALLX,HEX,815H,201102,0.00,7.50,0.00,0.00,0.00,0.00,483.81,0.00,0.00,1278.51,0.00,,0006,L
LRIP6,GL17ALLX-815H1101,AF-24 - AV Support - 4A1G - Palmdale (PM,,W,HEX,LGL17ALLX,HEX,815H,201105,0.00,18.60,0.00,0.00,0.00,0.00,841.80,0.00,0.00,2224.54,0.00,,0006,L
LRIP6,GL17ALLX-815H1101,AF-24 - AV Support - 4A1G - Palmdale (PM,,W,HEX,LGL17ALLX,HEX,815H,201106,0.00,0.00,0.00,11.40,0.00,0.00,0.00,0.00,0.00,0.00,1624.05,,0006,L
LRIP6,GL17ALLX-815H1101,AF-24 - AV Support - 4A1G - Palmdale (PM,,W,HEX,LGL17ALLX,HEX,815H,201107,0.00,4.50,0.00,11.40,0.00,0.00,153.32,0.00,0.00,405.16,1624.05,,0006,L
LRIP6,GL17ALLX-815H1101,AF-24 - AV Support - 4A1G - Palmdale (PM,,W,HEX,LGL17ALLX,HEX,815H,201201,0.00,0.00,0.00,6.90,0.00,0.00,0.00,0.00,0.00,0.00,1114.81,,0006,L
LRIP6,GL17ALLX-815H0030,AF-24 - AV Support - 9G08 - Edwards,,W,HEX,LGL17ALLX,HEX,815H,201101,0.00,1.00,0.00,70.52,0.00,0.00,64.76,0.00,0.00,171.13,10315.32,,0006,L
LRIP6,GL17ALLX-815H0030,AF-24 - AV Support - 9G08 - Edwards,,W,HEX,LGL17ALLX,HEX,815H,201102,0.00,25.50,0.00,52.35,0.00,0.00,1225.19,0.00,0.00,3237.68,7657.50,,0006,L
LRIP6,GL17ALLX-815H0030,AF-24 - AV Support - 9G08 - Edwards,,W,HEX,LGL17ALLX,HEX,815H,201103,0.00,0.00,0.00,26.85,0.00,0.00,0.00,0.00,0.00,0.00,3927.49,,0006,L
LRIP6,GL17ALLX-815H0030,AF-24 - AV Support - 9G08 - Edwards,,W,HEX,LGL17ALLX,HEX,815H,201104,0.00,0.00,0.00,26.85,0.00,0.00,0.00,0.00,0.00,0.00,3892.52,,0006,L
LRIP6,GL17ALLX-815H0030,AF-24 - AV Support - 9G08 - Edwards,,W,HEX,LGL17ALLX,HEX,815H,201105,0.00,0.00,0.00,20.85,0.00,0.00,0.00,0.00,0.00,0.00,3022.69,,0006,L
LRIP6,GL17ALLX-815H0030,AF-24 - AV Support - 9G08 - Edwards,,W,HEX,LGL17ALLX,HEX,815H,201106,0.00,0.00,0.00,6.00,0.00,0.00,0.00,0.00,0.00,0.00,854.77,,0006,L
LRIP6,GL17ALLX-815H0030,AF-24 - AV Support - 9G08 - Edwards,,W,HEX,LGL17ALLX,HEX,815H,201107,0.00,2.00,239.46,0.00,0.00,12079.17,139.12,0.00,31146.82,367.64,0.00,,0006,L
LRIP6,GL17ALLX-815H0030,AF-24 - AV Support - 9G08 - Edwards,,W,HEX,LGL17ALLX,HEX,815H,201109,0.00,0.00,0.00,24.85,0.00,0.00,0.00,0.00,0.00,0.00,3539.87,,0006,L
LRIP6,GL17ALLX-815H0030,AF-24 - AV Support - 9G08 - Edwards,,W,HEX,LGL17ALLX,HEX,815H,201111,0.00,0.00,16.52,0.00,0.00,850.06,0.00,0.00,2186.71,0.00,0.00,,0006,L
LRIP6,GL17ALLX-815H0030,AF-24 - AV Support - 9G08 - Edwards,,W,HEX,LGL17ALLX,HEX,815H,201201,0.00,0.00,0.00,24.85,0.00,0.00,0.00,0.00,0.00,0.00,4014.93,,0006,L
LRIP6,GL17ALLX-815H1400,AF-24 - AV Engrg Support - 4A1G - Palmda,,W,HEX,LGL17ALLX,HEX,815H,201102,0.00,1.00,0.00,0.00,0.00,0.00,52.52,0.00,0.00,138.79,0.00,,0006,L
LRIP6,GL17ALLX-819H000A,ENGINEERING SUPPORT AF-24 AERO,,W,HJX,LGL17ALLX,HJX,819H,201101,0.00,0.00,0.00,0.00,0.00,0.00,0.00,0.00,0.00,0.00,0.00,,0006,L
LRIP6,GL17ALLX-819H000A,ENGINEERING SUPPORT AF-24 AERO,,W,HJX,LGL17ALLX,HJX,819H,201103,0.00,0.00,22.00,0.00,0.00,1132.34,0.00,0.00,2912.86,0.00,0.00,,0006,L
LRIP6,GL17ALLX-819H000B,ENGINEERING SUPPORT AF-24 PROPULSION,,W,HJX,LGL17ALLX,HJX,819H,201101,0.00,0.00,0.00,0.00,0.00,0.00,0.00,0.00,0.00,0.00,0.00,,0006,L
LRIP6,GL17ALLX-819H000B,ENGINEERING SUPPORT AF-24 PROPULSION,,W,HJX,LGL17ALLX,HJX,819H,201103,0.00,0.00,7.00,0.00,0.00,360.29,0.00,0.00,926.82,0.00,0.00,,0006,L
LRIP6,GL17ALLX-819H000D,ENGINEERING SUPPORT FOR AF-24,,W,HJX,LGL17ALLX,HJX,819H,201101,0.00,0.00,0.00,0.00,0.00,0.00,0.00,0.00,0.00,0.00,0.00,,0006,L
LRIP6,GL17ALLX-819H000D,ENGINEERING SUPPORT FOR AF-24,,W,HJX,LGL17ALLX,HJX,819H,201102,0.00,1.00,0.00,0.00,0.00,0.00,54.14,0.00,0.00,143.07,0.00,,0006,L
LRIP6,GL17ALLX-819H000D,ENGINEERING SUPPORT FOR AF-24,,W,HJX,LGL17ALLX,HJX,819H,201103,0.00,0.00,132.00,20.00,0.00,6794.04,0.00,0.00,17477.16,0.00,2925.50,,0006,L
LRIP6,GL17BPAC-4A1G0030,Plamdale Ph3 AF24 Support,,W,HHX,LGL17BPAC,HHX,4A1G,201101,0.00,543.00,-6.79,0.00,0.00,-207.76,18192.77,0.00,-722.76,64542.10,0.00,,0035,L
LRIP6,GL17BPAC-4A1G0030,Plamdale Ph3 AF24 Support,,W,HHX,LGL17BPAC,HHX,4A1G,201102,0.00,0.00,1.90,0.00,0.00,58.17,0.00,0.00,202.37,0.00,0.00,,0035,L
LRIP6,GL17BPAC-4A1G0030,Plamdale Ph3 AF24 Support,,W,HHX,LGL17BPAC,HHX,4A1G,201103,0.00,37.40,0.00,37.40,0.00,0.00,1157.02,0.00,0.00,4104.73,4848.80,,0035,L
LRIP6,GL17BPAC-4A1G0030,Plamdale Ph3 AF24 Support,,W,HHX,LGL17BPAC,HHX,4A1G,201105,0.00,0.00,4.89,0.00,0.00,149.59,0.00,0.00,520.38,0.00,0.00,,0035,L
LRIP6,R6312730-4A1G0030,PCR 12730 Spar Fitting Slip Fix,,W,HHX,LR6312730,HHX,4A1G,201101,0.00,0.00,276.98,0.00,0.00,8475.71,0.00,0.00,29485.54,0.00,0.00,,0028,L
LRIP6,R6312730-4A1G0030,PCR 12730 Spar Fitting Slip Fix,,W,HHX,LR6312730,HHX,4A1G,201102,0.00,0.00,0.00,0.00,0.00,0.00,0.00,0.00,0.00,0.00,0.00,,0028,L
LRIP6,R6312730-3J480030,PCR 12730 Spar Fitting Slip Fix,,W,HEX,LR6312730,HEX,3J48,201101,2.00,0.00,0.00,2.00,93.18,0.00,0.00,324.16,0.00,0.00,346.76,,0028,L
LRIP6,R6312730-3J480030,PCR 12730 Spar Fitting Slip Fix,,W,HEX,LR6312730,HEX,3J48,201102,1.00,0.00,0.00,3.00,46.59,0.00,0.00,162.08,0.00,0.00,520.13,,0028,L
LRIP6,R6312730-3J480030,PCR 12730 Spar Fitting Slip Fix,,W,HEX,LR6312730,HEX,3J48,201104,0.00,0.00,0.00,3.00,0.00,0.00,0.00,0.00,0.00,0.00,506.14,,0028,L
LRIP6,R6312730-3J480030,PCR 12730 Spar Fitting Slip Fix,,W,HEX,LR6312730,HEX,3J48,201105,0.00,0.00,0.00,3.00,0.00,0.00,0.00,0.00,0.00,0.00,506.14,,0028,L
LRIP6,R6312730-3J480030,PCR 12730 Spar Fitting Slip Fix,,W,HEX,LR6312730,HEX,3J48,201106,-7.00,0.00,0.00,0.00,-326.13,0.00,0.00,-1134.55,0.00,0.00,0.00,,0028,L
LRIP6,R6312730-4J4G0030,PCR 12730 Spar Fitting Slip Fix,,W,HHX,LR6312730,HHX,4J4G,201105,0.00,0.00,0.00,0.00,0.00,0.00,0.00,0.00,0.00,0.00,185.15,,0028,L
LRIP6,R6312730-4J4G0030,PCR 12730 Spar Fitting Slip Fix,,W,HHX,LR6312730,HHX,4J4G,201111,0.00,0.00,0.00,18.00,0.00,0.00,0.00,0.00,0.00,0.00,2684.26,,0028,L
LRIP6,R6312730-4J4G0030,PCR 12730 Spar Fitting Slip Fix,,W,HHX,LR6312730,HHX,4J4G,201112,0.00,0.00,0.00,0.00,0.00,0.00,0.00,0.00,0.00,0.00,0.00,,0028,L
LRIP6,R6312730-4J4G0030,PCR 12730 Spar Fitting Slip Fix,,W,HHX,LR6312730,HHX,4J4G,201201,0.00,0.00,0.00,18.00,0.00,0.00,0.00,0.00,0.00,0.00,3313.21,,0028,L
LRIP6,R6312730-4P6B0030,PCR 12730 Spar Fitting Slip Fix,,W,HHX,LR6312730,HHX,4P6B,201101,0.00,0.00,0.00,0.00,0.00,0.00,0.00,0.00,0.00,0.00,0.00,,0028,L
LRIP6,R6312730-4P6B0030,PCR 12730 Spar Fitting Slip Fix,,W,HHX,LR6312730,HHX,4P6B,201105,0.00,0.00,0.00,0.00,0.00,0.00,0.00,0.00,0.00,0.00,958.88,,0028,L
LRIP6,R6312730-4P6B0030,PCR 12730 Spar Fitting Slip Fix,,W,HHX,LR6312730,HHX,4P6B,201111,0.00,0.00,0.00,45.00,0.00,0.00,0.00,0.00,0.00,0.00,6156.21,,0028,L
LRIP6,R6312730-4P6B0030,PCR 12730 Spar Fitting Slip Fix,,W,HHX,LR6312730,HHX,4P6B,201112,0.00,0.00,0.00,0.00,0.00,0.00,0.00,0.00,0.00,0.00,0.00,,0028,L
LRIP6,R6312730-4P6B0030,PCR 12730 Spar Fitting Slip Fix,,W,HHX,LR6312730,HHX,4P6B,201201,0.00,0.00,0.00,45.00,0.00,0.00,0.00,0.00,0.00,0.00,5541.56,,0028,L
LRIP6,R6170417-4A1G0030,PCR 20417 25kVA Check Valve Installation,,W,HHX,LR6170417,HHX,4A1G,201101,0.00,0.00,0.00,43.20,0.00,0.00,0.00,0.00,0.00,0.00,5600.76,,0042,L
LRIP6,R6170417-4A1G0030,PCR 20417 25kVA Check Valve Installation,,W,HHX,LR6170417,HHX,4A1G,201102,0.00,0.00,8.64,0.00,0.00,264.38,0.00,0.00,919.75,0.00,0.00,,0042,L
LRIP6,R6170417-4A1G0030,PCR 20417 25kVA Check Valve Installation,,W,HHX,LR6170417,HHX,4A1G,201104,0.00,0.00,-0.01,0.00,0.00,-0.26,0.00,0.00,-0.92,0.00,0.00,,0042,L
LRIP6,R6170417-4A1G0030,PCR 20417 25kVA Check Valve Installation,,W,HHX,LR6170417,HHX,4A1G,201109,0.00,0.00,34.57,0.00,0.00,1057.80,0.00,0.00,3679.91,0.00,0.00,,0042,L
LRIP6,R6170417-4J4G0030,PCR 20417 25kVA Check Valve Installation,,W,HHX,LR6170417,HHX,4J4G,201101,0.00,0.00,0.00,10.50,0.00,0.00,0.00,0.00,0.00,0.00,1820.47,,0042,L
LRIP6,R6170417-4J3G0030,PCR 20417 25kVA Check Valve Installation,,W,HHX,LR6170417,HHX,4J3G,201101,0.00,0.00,0.00,3.10,0.00,0.00,0.00,0.00,0.00,0.00,568.37,,0042,L
LRIP6,R6173473-4J4G0030,PCR13473-Lockwire/Torque Discrepancy (O-level TCTO),,W,HHX,LR6173473,HHX,4J4G,201101,0.00,0.00,0.00,18.90,0.00,0.00,0.00,0.00,0.00,0.00,3276.84,,43AB,L
LRIP6,R6173476-4A1G0030,PCR13476 Sump Pump Tube Interference (D-level TCTO),,W,HHX,LR6173476,HHX,4A1G,201101,0.00,0.00,0.00,16.20,0.00,0.00,0.00,0.00,0.00,0.00,2100.28,,43AC,L
LRIP6,R6173476-4A1G0030,PCR13476 Sump Pump Tube Interference (D-level TCTO),,W,HHX,LR6173476,HHX,4A1G,201109,0.00,0.00,16.20,0.00,0.00,495.72,0.00,0.00,1724.53,0.00,0.00,,43AC,L
LRIP6,R6173476-4J4G0030,PCR13476 Sump Pump Tube Interference (D-level TCTO),,W,HHX,LR6173476,HHX,4J4G,201101,0.00,0.00,0.00,25.20,0.00,0.00,0.00,0.00,0.00,0.00,4369.13,,43AC,L
LRIP6,R6173476-4J3G0030,PCR13476 Sump Pump Tube Interference (D-level TCTO),,W,HHX,LR6173476,HHX,4J3G,201101,0.00,0.00,0.00,0.90,0.00,0.00,0.00,0.00,0.00,0.00,165.01,,43AC,L
LRIP6,R620171R-4A1G0030,PCR 20171 Control Rod Ruddervator,,W,HHX,LR620171R,HHX,4A1G,201101,5.50,22.10,0.00,0.00,168.30,0.00,662.11,585.49,0.00,2348.95,0.00,,0051,L
LRIP6,R620171R-4A1G0030,PCR 20171 Control Rod Ruddervator,,W,HHX,LR620171R,HHX,4A1G,201102,5.50,15.70,15.20,0.00,168.30,465.12,398.95,585.49,1618.07,1415.35,0.00,,0051,L
LRIP6,R620171R-4A1G0030,PCR 20171 Control Rod Ruddervator,,W,HHX,LR620171R,HHX,4A1G,201103,11.08,16.20,57.00,16.20,339.05,1744.20,491.91,1179.49,6067.77,1745.14,2100.28,,0051,L
LRIP6,R620171R-4A1G0030,PCR 20171 Control Rod Ruddervator,,W,HHX,LR620171R,HHX,4A1G,201104,7.50,0.00,0.00,0.00,229.50,0.00,0.00,798.39,0.00,0.00,0.00,,0051,L
LRIP6,R620171R-4A1G0030,PCR 20171 Control Rod Ruddervator,,W,HHX,LR620171R,HHX,4A1G,201105,7.50,0.00,0.00,0.00,229.50,0.00,0.00,798.39,0.00,0.00,0.00,,0051,L
LRIP6,R620171R-4A1G0030,PCR 20171 Control Rod Ruddervator,,W,HHX,LR620171R,HHX,4A1G,201106,7.50,68.70,0.00,0.00,229.50,0.00,2188.61,798.39,0.00,7764.48,0.00,,0051,L
LRIP6,R620171R-4A1G0030,PCR 20171 Control Rod Ruddervator,,W,HHX,LR620171R,HHX,4A1G,201107,7.50,39.10,0.00,0.00,229.50,0.00,1248.87,798.39,0.00,4430.59,0.00,,0051,L
LRIP6,R620171R-4A1G0030,PCR 20171 Control Rod Ruddervator,,W,HHX,LR620171R,HHX,4A1G,201109,0.00,0.50,0.00,0.00,0.00,0.00,13.27,0.00,0.00,47.08,0.00,,0051,L
LRIP6,R620171R-4A1G0030,PCR 20171 Control Rod Ruddervator,,W,HHX,LR620171R,HHX,4A1G,201110,0.00,1.40,0.00,0.00,0.00,0.00,37.14,0.00,0.00,131.76,0.00,,0051,L
LRIP6,R620171R-4A1G0030,PCR 20171 Control Rod Ruddervator,,W,HHX,LR620171R,HHX,4A1G,201111,0.00,51.40,0.00,0.00,0.00,0.00,1434.63,0.00,0.00,5089.61,0.00,,0051,L
LRIP6,R620171R-4A1G0030,PCR 20171 Control Rod Ruddervator,,W,HHX,LR620171R,HHX,4A1G,201112,0.00,-0.20,0.00,0.00,0.00,0.00,-4.89,0.00,0.00,-17.35,0.00,,0051,L
LRIP6,R620171R-4J4G0030,PCR 20171 Control Rod Ruddervator,,W,HHX,LR620171R,HHX,4J4G,201101,0.50,0.00,0.50,0.00,23.30,23.30,0.00,81.04,81.04,0.00,0.00,,0051,L
LRIP6,R620171R-4J4G0030,PCR 20171 Control Rod Ruddervator,,W,HHX,LR620171R,HHX,4J4G,201102,0.50,0.00,0.50,0.00,23.30,23.30,0.00,81.04,81.04,0.00,0.00,,0051,L
LRIP6,R620171R-4J4G0030,PCR 20171 Control Rod Ruddervator,,W,HHX,LR620171R,HHX,4J4G,201103,0.50,0.00,0.50,0.00,23.30,23.30,0.00,81.04,81.04,0.00,0.00,,0051,L
LRIP6,R620171R-4J4G0030,PCR 20171 Control Rod Ruddervator,,W,HHX,LR620171R,HHX,4J4G,201104,0.50,0.00,0.50,0.00,23.30,23.30,0.00,81.04,81.04,0.00,0.00,,0051,L
LRIP6,R620171R-4J4G0030,PCR 20171 Control Rod Ruddervator,,W,HHX,LR620171R,HHX,4J4G,201105,0.50,0.00,0.50,0.00,23.30,23.30,0.00,81.04,81.04,0.00,15.43,,0051,L
LRIP6,R620171R-4J4G0030,PCR 20171 Control Rod Ruddervator,,W,HHX,LR620171R,HHX,4J4G,201106,0.50,0.00,0.50,0.00,23.30,23.30,0.00,81.04,81.04,0.00,0.00,,0051,L
LRIP6,R620171R-4J4G0030,PCR 20171 Control Rod Ruddervator,,W,HHX,LR620171R,HHX,4J4G,201111,0.00,0.00,0.00,5.00,0.00,0.00,0.00,0.00,0.00,0.00,745.63,,0051,L
LRIP6,R620171R-4J4G0030,PCR 20171 Control Rod Ruddervator,,W,HHX,LR620171R,HHX,4J4G,201112,0.00,0.00,0.00,0.00,0.00,0.00,0.00,0.00,0.00,0.00,0.00,,0051,L
LRIP6,R620171R-4J4G0030,PCR 20171 Control Rod Ruddervator,,W,HHX,LR620171R,HHX,4J4G,201201,0.00,0.00,0.00,5.00,0.00,0.00,0.00,0.00,0.00,0.00,920.34,,0051,L
LRIP6,R6117010-818H0030,Investigation and Support for Actuator Conformal Coating NOE from GE,,W,HEX,LR6117010,HEX,818H,201101,0.00,440.10,25.00,500.00,0.00,1286.75,16718.88,0.00,3310.07,44181.23,73137.52,,VAR,L
LRIP6,R6117010-818H0030,Investigation and Support for Actuator Conformal Coating NOE from GE,,W,HEX,LR6117010,HEX,818H,201102,0.00,352.80,225.00,59.90,0.00,11580.75,13785.76,0.00,29790.62,36430.18,8761.88,,VAR,L
LRIP6,R6117010-818H0030,Investigation and Support for Actuator Conformal Coating NOE from GE,,W,HEX,LR6117010,HEX,818H,201103,0.00,581.50,0.00,0.00,0.00,0.00,23484.67,0.00,0.00,62060.47,0.00,,VAR,L
LRIP6,R6117010-818H0030,Investigation and Support for Actuator Conformal Coating NOE from GE,,W,HEX,LR6117010,HEX,818H,201104,0.00,76.80,0.00,0.00,0.00,0.00,5538.17,0.00,0.00,14635.14,0.00,,VAR,L
LRIP6,R6117010-818H0030,Investigation and Support for Actuator Conformal Coating NOE from GE,,W,HEX,LR6117010,HEX,818H,201105,0.00,186.80,0.00,223.20,0.00,0.00,7518.07,0.00,0.00,19867.21,32357.96,,VAR,L
LRIP6,R6117010-818H0030,Investigation and Support for Actuator Conformal Coating NOE from GE,,W,HEX,LR6117010,HEX,818H,201106,0.00,96.10,0.00,36.40,0.00,0.00,4460.50,0.00,0.00,11787.29,5185.58,,VAR,L
LRIP6,R6117010-818H0030,Investigation and Support for Actuator Conformal Coating NOE from GE,,W,HEX,LR6117010,HEX,818H,201107,0.00,60.50,0.00,0.00,0.00,0.00,2803.48,0.00,0.00,7408.46,0.00,,VAR,L
LRIP6,R6117010-818H0030,Investigation and Support for Actuator Conformal Coating NOE from GE,,W,HEX,LR6117010,HEX,818H,201108,0.00,74.80,0.00,0.00,0.00,0.00,3564.10,0.00,0.00,9418.47,0.00,,VAR,L
LRIP6,R6117010-818H0030,Investigation and Support for Actuator Conformal Coating NOE from GE,,W,HEX,LR6117010,HEX,818H,201109,0.00,135.50,0.00,5.00,0.00,0.00,6523.24,0.00,0.00,17238.28,712.25,,VAR,L
LRIP6,R6117010-818H0030,Investigation and Support for Actuator Conformal Coating NOE from GE,,W,HEX,LR6117010,HEX,818H,201110,0.00,125.80,0.00,100.00,0.00,0.00,6052.80,0.00,0.00,15995.10,14244.96,,VAR,L
LRIP6,R6117010-818H0030,Investigation and Support for Actuator Conformal Coating NOE from GE,,W,HEX,LR6117010,HEX,818H,201111,0.00,24.30,0.00,100.00,0.00,0.00,1094.38,0.00,0.00,2892.00,14071.29,,VAR,L
LRIP6,R6117010-818H0030,Investigation and Support for Actuator Conformal Coating NOE from GE,,W,HEX,LR6117010,HEX,818H,201112,0.00,20.10,0.00,0.00,0.00,0.00,1056.64,0.00,0.00,2792.27,0.00,,VAR,L
LRIP6,R6117010-818H0030,Investigation and Support for Actuator Conformal Coating NOE from GE,,W,HEX,LR6117010,HEX,818H,201202,0.00,0.00,0.00,122.47,0.00,0.00,0.00,0.00,0.00,0.00,19787.07,,VAR,L
LRIP6,R6117010-3J480030,Investigation and Support for Actuator Conformal Coating NOE from GE,,W,HEX,LR6117010,HEX,3J48,201101,0.00,0.00,1.60,32.00,0.00,74.54,0.00,0.00,259.33,0.00,5548.10,,VAR,L
LRIP6,R6117010-3J480030,Investigation and Support for Actuator Conformal Coating NOE from GE,,W,HEX,LR6117010,HEX,3J48,201102,0.00,0.00,14.40,32.00,0.00,670.90,0.00,0.00,2333.93,0.00,5548.10,,VAR,L
LRIP6,R6117010-3J480030,Investigation and Support for Actuator Conformal Coating NOE from GE,,W,HEX,LR6117010,HEX,3J48,201103,0.00,2.60,0.00,0.00,0.00,0.00,133.12,0.00,0.00,472.27,0.00,,VAR,L
LRIP6,R6117010-3J480030,Investigation and Support for Actuator Conformal Coating NOE from GE,,W,HEX,LR6117010,HEX,3J48,201104,0.00,0.00,0.00,29.40,0.00,0.00,0.00,0.00,0.00,0.00,4960.16,,VAR,L
LRIP6,R6117010-3J480030,Investigation and Support for Actuator Conformal Coating NOE from GE,,W,HEX,LR6117010,HEX,3J48,201105,0.00,0.00,0.00,29.40,0.00,0.00,0.00,0.00,0.00,0.00,4960.16,,VAR,L
LRIP6,R6117010-3J480030,Investigation and Support for Actuator Conformal Coating NOE from GE,,W,HEX,LR6117010,HEX,3J48,201106,0.00,0.00,0.00,29.40,0.00,0.00,0.00,0.00,0.00,0.00,4657.75,,VAR,L
LRIP6,R6117010-3J480030,Investigation and Support for Actuator Conformal Coating NOE from GE,,W,HEX,LR6117010,HEX,3J48,201109,0.00,73.29,0.00,29.40,0.00,0.00,3234.40,0.00,0.00,11474.61,4656.81,,VAR,L
LRIP6,R6117010-3J480030,Investigation and Support for Actuator Conformal Coating NOE from GE,,W,HEX,LR6117010,HEX,3J48,201110,0.00,60.29,0.00,80.00,0.00,0.00,2661.51,0.00,0.00,9442.18,12671.59,,VAR,L
LRIP6,R6117010-3J480030,Investigation and Support for Actuator Conformal Coating NOE from GE,,W,HEX,LR6117010,HEX,3J48,201111,0.00,46.51,0.00,15.00,0.00,0.00,2031.44,0.00,0.00,7206.90,2236.89,,VAR,L
LRIP6,R6117010-3J480030,Investigation and Support for Actuator Conformal Coating NOE from GE,,W,HEX,LR6117010,HEX,3J48,201112,0.00,32.88,0.00,0.00,0.00,0.00,1476.41,0.00,0.00,5237.83,0.00,,VAR,L
LRIP6,R6117010-3J480030,Investigation and Support for Actuator Conformal Coating NOE from GE,,W,HEX,LR6117010,HEX,3J48,201202,0.00,0.00,0.00,24.71,0.00,0.00,0.00,0.00,0.00,0.00,4548.30,,VAR,L
LRIP6,R6117010-3A4A0030,Investigation and Support for Actuator Conformal Coating NOE from GE,,W,HEX,LR6117010,HEX,3A4A,201101,0.00,0.00,48.00,958.90,0.00,1468.80,0.00,0.00,5109.70,0.00,124318.67,,VAR,L
LRIP6,R6117010-3A4A0030,Investigation and Support for Actuator Conformal Coating NOE from GE,,W,HEX,LR6117010,HEX,3A4A,201102,0.00,0.00,-48.00,958.90,0.00,-1468.80,0.00,0.00,-5109.70,0.00,124318.67,,VAR,L
LRIP6,R6117010-3A4A0030,Investigation and Support for Actuator Conformal Coating NOE from GE,,W,HEX,LR6117010,HEX,3A4A,201103,0.00,0.00,0.00,133.20,0.00,0.00,0.00,0.00,0.00,0.00,17269.00,,VAR,L
LRIP6,R6117010-3A4A0030,Investigation and Support for Actuator Conformal Coating NOE from GE,,W,HEX,LR6117010,HEX,3A4A,201104,0.00,0.00,0.00,21.13,0.00,0.00,0.00,0.00,0.00,0.00,2665.10,,VAR,L
LRIP6,R6117010-3A4A0030,Investigation and Support for Actuator Conformal Coating NOE from GE,,W,HEX,LR6117010,HEX,3A4A,201105,0.00,148.38,0.00,21.13,0.00,0.00,5438.65,0.00,0.00,19294.58,2665.10,,VAR,L
LRIP6,R6117010-3A4A0030,Investigation and Support for Actuator Conformal Coating NOE from GE,,W,HEX,LR6117010,HEX,3A4A,201106,0.00,205.01,144.00,21.13,0.00,4406.40,7829.63,0.00,15329.11,27777.01,2614.66,,VAR,L
LRIP6,R6117010-3A4A0030,Investigation and Support for Actuator Conformal Coating NOE from GE,,W,HEX,LR6117010,HEX,3A4A,201107,0.00,102.12,0.00,600.00,0.00,0.00,3856.12,0.00,0.00,13680.27,74261.91,,VAR,L
LRIP6,R6117010-3A4A0030,Investigation and Support for Actuator Conformal Coating NOE from GE,,W,HEX,LR6117010,HEX,3A4A,201108,0.00,282.29,0.00,0.00,0.00,0.00,10324.71,0.00,0.00,36628.75,0.00,,VAR,L
LRIP6,R6117010-3A4A0030,Investigation and Support for Actuator Conformal Coating NOE from GE,,W,HEX,LR6117010,HEX,3A4A,201109,458.00,341.64,68.70,775.59,14014.80,2102.22,12566.23,48755.09,7313.26,44580.94,95976.16,,VAR,L
LRIP6,R6117010-3A4A0030,Investigation and Support for Actuator Conformal Coating NOE from GE,,W,HEX,LR6117010,HEX,3A4A,201110,0.00,183.20,581.38,79.56,0.00,17790.23,7272.49,0.00,61889.16,25800.46,9845.23,,VAR,L
LRIP6,R6117010-3A4A0030,Investigation and Support for Actuator Conformal Coating NOE from GE,,W,HEX,LR6117010,HEX,3A4A,201111,0.00,52.22,212.70,270.60,0.00,6508.62,1996.98,0.00,22642.37,7084.64,31526.13,,VAR,L
LRIP6,R6117010-3A4A0030,Investigation and Support for Actuator Conformal Coating NOE from GE,,W,HEX,LR6117010,HEX,3A4A,201112,0.00,31.45,70.90,150.00,0.00,2169.54,1203.79,0.00,7547.46,4270.66,17475.68,,VAR,L
LRIP6,R6117010-3A4A0030,Investigation and Support for Actuator Conformal Coating NOE from GE,,W,HEX,LR6117010,HEX,3A4A,201201,0.00,0.00,42.54,20.40,0.00,1301.72,0.00,0.00,4528.48,0.00,2623.98,,VAR,L
LRIP6,R6117010-3A4A0030,Investigation and Support for Actuator Conformal Coating NOE from GE,,W,HEX,LR6117010,HEX,3A4A,201202,0.00,0.00,0.00,165.27,0.00,0.00,0.00,0.00,0.00,0.00,20069.21,,VAR,L
LRIP6,R6117010-3A4A0030,Investigation and Support for Actuator Conformal Coating NOE from GE,,W,HEX,LR6117010,HEX,3A4A,201203,0.00,0.00,0.00,80.00,0.00,0.00,0.00,0.00,0.00,0.00,9714.63,,VAR,L
LRIP6,R6117U24-4A1G0030,Unscheduled Maintenance of AF24 from DD250 to Start of ASIP Retrofit,,W,HHX,LR6117U24,HHX,HHX,201101,26.00,145.30,26.00,145.30,795.60,795.60,5066.67,2767.76,2767.76,17974.92,18837.73,,VAR,L
LRIP6,R6117U24-4A1G0030,Unscheduled Maintenance of AF24 from DD250 to Start of ASIP Retrofit,,W,HHX,LR6117U24,HHX,HHX,201102,51.00,366.40,51.00,366.40,1560.60,1560.60,11949.22,5429.06,5429.06,42391.99,47502.72,,VAR,L
LRIP6,R6117U24-4A1G0030,Unscheduled Maintenance of AF24 from DD250 to Start of ASIP Retrofit,,W,HHX,LR6117U24,HHX,HHX,201103,63.00,286.60,63.00,286.60,1927.80,1927.80,9506.20,6706.49,6706.49,33724.94,37156.88,,VAR,L
LRIP6,R6117U24-4A1G0030,Unscheduled Maintenance of AF24 from DD250 to Start of ASIP Retrofit,,W,HHX,LR6117U24,HHX,HHX,201104,0.00,70.00,0.00,70.00,0.00,0.00,1981.91,0.00,0.00,7031.18,8831.12,,VAR,L
LRIP6,R6117U24-4A1G0030,Unscheduled Maintenance of AF24 from DD250 to Start of ASIP Retrofit,,W,HHX,LR6117U24,HHX,HHX,201105,0.00,47.50,0.00,47.50,0.00,0.00,1514.09,0.00,0.00,5371.50,5992.54,,VAR,L
LRIP6,R6117U24-4A1G0030,Unscheduled Maintenance of AF24 from DD250 to Start of ASIP Retrofit,,W,HHX,LR6117U24,HHX,HHX,201106,0.00,39.00,0.00,39.00,0.00,0.00,1273.11,0.00,0.00,4516.58,4827.06,,VAR,L
LRIP6,R6117U24-4A1G0030,Unscheduled Maintenance of AF24 from DD250 to Start of ASIP Retrofit,,W,HHX,LR6117U24,HHX,HHX,201109,0.00,3.50,0.00,0.00,0.00,0.00,131.25,0.00,0.00,465.63,0.00,,VAR,L
LRIP6,R6117S24-4A1G0030,Scheduled Maintenance of AF24 from DD250 to Start of ASIP Retrofit,,W,HHX,LR6117S24,HHX,HHX,201101,14.00,166.60,14.00,166.60,428.40,428.40,5360.06,1490.33,1490.33,19015.77,21599.22,,VAR,L
LRIP6,R6117S24-4A1G0030,Scheduled Maintenance of AF24 from DD250 to Start of ASIP Retrofit,,W,HHX,LR6117S24,HHX,HHX,201102,28.00,244.50,28.00,244.50,856.80,856.80,7983.38,2980.66,2980.66,28322.46,31698.73,,VAR,L
LRIP6,R6117S24-4A1G0030,Scheduled Maintenance of AF24 from DD250 to Start of ASIP Retrofit,,W,HHX,LR6117S24,HHX,HHX,201103,35.00,13.50,35.00,13.50,1071.00,1071.00,422.66,3725.83,3725.83,1499.46,1750.24,,VAR,L
LRIP6,R6117S24-4A1G0030,Scheduled Maintenance of AF24 from DD250 to Start of ASIP Retrofit,,W,HHX,LR6117S24,HHX,HHX,201104,0.00,40.70,0.00,40.70,0.00,0.00,1382.97,0.00,0.00,4906.33,5134.66,,VAR,L
LRIP6,R6117S24-4A1G0030,Scheduled Maintenance of AF24 from DD250 to Start of ASIP Retrofit,,W,HHX,LR6117S24,HHX,HHX,201105,0.00,7.90,0.00,7.90,0.00,0.00,251.93,0.00,0.00,893.77,996.65,,VAR,L
LRIP6,R6117S24-4A1G0030,Scheduled Maintenance of AF24 from DD250 to Start of ASIP Retrofit,,W,HHX,LR6117S24,HHX,HHX,201106,0.00,2.40,0.00,2.40,0.00,0.00,80.98,0.00,0.00,287.29,297.05,,VAR,L
LRIP6,R6117S24-4A1G0030,Scheduled Maintenance of AF24 from DD250 to Start of ASIP Retrofit,,W,HHX,LR6117S24,HHX,HHX,201108,0.00,3.80,0.00,0.00,0.00,0.00,130.69,0.00,0.00,463.65,0.00,,VAR,L
LRIP6,R6117S24-4A1G0030,Scheduled Maintenance of AF24 from DD250 to Start of ASIP Retrofit,,W,HHX,LR6117S24,HHX,HHX,201109,0.00,7.90,0.00,0.00,0.00,0.00,280.13,0.00,0.00,572.48,0.00,,VAR,L
LRIP6,R6117S24-4A1G0030,Scheduled Maintenance of AF24 from DD250 to Start of ASIP Retrofit,,W,HHX,LR6117S24,HHX,HHX,201110,0.00,3.50,0.00,0.00,0.00,0.00,124.11,0.00,0.00,253.64,0.00,,VAR,L
LRIP6,R6117S24-4A1G0030,Scheduled Maintenance of AF24 from DD250 to Start of ASIP Retrofit,,W,HHX,LR6117S24,HHX,HHX,201111,0.00,3.50,0.00,0.00,0.00,0.00,124.11,0.00,0.00,440.30,0.00,,VAR,L
LRIP6,R6117S24-4A1G0030,Scheduled Maintenance of AF24 from DD250 to Start of ASIP Retrofit,,W,HHX,LR6117S24,HHX,HHX,201112,0.00,11.80,0.00,0.00,0.00,0.00,364.65,0.00,0.00,1293.66,0.00,,VAR,L
LRIP6,R6117010-810H0030,Investigation and Support for Actuator Conformal Coating NOE from GE,,W,H00,LR6117010,H00,810H,201102,50.00,0.00,0.00,50.00,2573.50,0.00,0.00,6620.14,0.00,0.00,7313.75,,VAR,L
LRIP6,R6117010-810H0030,Investigation and Support for Actuator Conformal Coating NOE from GE,,W,H00,LR6117010,H00,810H,201103,28.00,41.00,0.00,41.00,1441.16,0.00,3083.20,3707.28,0.00,8147.65,5997.28,,VAR,L
LRIP6,R6117010-810H0030,Investigation and Support for Actuator Conformal Coating NOE from GE,,W,H00,LR6117010,H00,810H,201104,28.00,45.00,0.00,45.00,1441.16,0.00,3384.00,3707.28,0.00,8942.54,6523.78,,VAR,L
LRIP6,R6117010-810H0030,Investigation and Support for Actuator Conformal Coating NOE from GE,,W,H00,LR6117010,H00,810H,201105,0.00,45.00,0.00,20.00,0.00,0.00,3328.11,0.00,0.00,8794.85,2899.46,,VAR,L
LRIP6,R6117010-810H0030,Investigation and Support for Actuator Conformal Coating NOE from GE,,W,H00,LR6117010,H00,810H,201106,0.00,67.00,0.00,0.00,0.00,0.00,4852.10,0.00,0.00,12822.14,0.00,,VAR,L
LRIP6,R6117010-810H0030,Investigation and Support for Actuator Conformal Coating NOE from GE,,W,H00,LR6117010,H00,810H,201107,0.00,43.00,0.00,43.00,0.00,0.00,2351.97,0.00,0.00,6215.30,6125.82,,VAR,L
LRIP6,R6117010-810H0030,Investigation and Support for Actuator Conformal Coating NOE from GE,,W,H00,LR6117010,H00,810H,201108,0.00,2.80,106.00,0.00,0.00,5455.82,52.87,0.00,14034.69,139.71,0.00,,VAR,L
LRIP6,R6117011-818H0030,Investigation and Support for Actuator Abrasion Resistant Film Requirement NOE from GE,,W,HEX,LR6117011,HEX,818H,201102,106.67,40.50,0.00,106.67,5490.13,0.00,1332.86,14122.96,0.00,3522.21,15602.67,,VAR,L
LRIP6,R6117011-818H0030,Investigation and Support for Actuator Abrasion Resistant Film Requirement NOE from GE,,W,HEX,LR6117011,HEX,818H,201103,133.33,57.00,144.00,39.90,6862.67,7411.68,2622.04,17653.70,19066.00,6928.99,5836.86,,VAR,L
LRIP6,R6117011-818H0030,Investigation and Support for Actuator Abrasion Resistant Film Requirement NOE from GE,,W,HEX,LR6117011,HEX,818H,201104,0.00,3.00,0.00,40.00,0.00,0.00,102.21,0.00,0.00,270.10,5798.92,,VAR,L
LRIP6,R6117011-818H0030,Investigation and Support for Actuator Abrasion Resistant Film Requirement NOE from GE,,W,HEX,LR6117011,HEX,818H,201105,0.00,2.00,0.00,40.00,0.00,0.00,68.15,0.00,0.00,180.09,5798.92,,VAR,L
LRIP6,R6117011-818H0030,Investigation and Support for Actuator Abrasion Resistant Film Requirement NOE from GE,,W,HEX,LR6117011,HEX,818H,201106,0.00,0.00,0.00,10.25,0.00,0.00,0.00,0.00,0.00,0.00,1460.22,,VAR,L
LRIP6,R6117011-818H0030,Investigation and Support for Actuator Abrasion Resistant Film Requirement NOE from GE,,W,HEX,LR6117011,HEX,818H,201108,0.00,0.00,0.00,10.25,0.00,0.00,0.00,0.00,0.00,0.00,1460.11,,VAR,L
LRIP6,R6117011-818H0030,Investigation and Support for Actuator Abrasion Resistant Film Requirement NOE from GE,,W,HEX,LR6117011,HEX,818H,201109,0.00,0.00,0.00,5.25,0.00,0.00,0.00,0.00,0.00,0.00,747.86,,VAR,L
LRIP6,R6117011-818H0030,Investigation and Support for Actuator Abrasion Resistant Film Requirement NOE from GE,,W,HEX,LR6117011,HEX,818H,201110,0.00,0.00,0.00,5.00,0.00,0.00,0.00,0.00,0.00,0.00,712.25,,VAR,L
LRIP6,R6117011-818H0030,Investigation and Support for Actuator Abrasion Resistant Film Requirement NOE from GE,,W,HEX,LR6117011,HEX,818H,201112,0.00,0.00,0.00,0.00,0.00,0.00,0.00,0.00,0.00,0.00,127.09,,VAR,L
LRIP6,R6117011-818H0030,Investigation and Support for Actuator Abrasion Resistant Film Requirement NOE from GE,,W,HEX,LR6117011,HEX,818H,201202,0.00,0.00,0.00,10.25,0.00,0.00,0.00,0.00,0.00,0.00,1262.24,,VAR,L
LRIP6,R6117U24-816H0030,Unscheduled Maintenance of AF24 from DD250 to Start of ASIP Retrofit,,W,HHX,LR6117U24,HHX,HHX,201103,39.70,0.00,39.70,0.00,2043.36,2043.36,0.00,5256.39,5256.39,0.00,0.00,,VAR,L
LRIP6,R6117U24-816H0030,Unscheduled Maintenance of AF24 from DD250 to Start of ASIP Retrofit,,W,HHX,LR6117U24,HHX,HHX,201104,13.20,40.50,13.20,40.50,679.40,679.40,2247.26,1747.72,1747.72,5938.60,5871.40,,VAR,L
LRIP6,R6117U24-816H0030,Unscheduled Maintenance of AF24 from DD250 to Start of ASIP Retrofit,,W,HHX,LR6117U24,HHX,HHX,201105,13.20,0.00,13.20,0.00,679.40,679.40,0.00,1747.72,1747.72,0.00,0.00,,VAR,L
LRIP6,R6117U24-816H0030,Unscheduled Maintenance of AF24 from DD250 to Start of ASIP Retrofit,,W,HHX,LR6117U24,HHX,HHX,201107,0.00,0.00,0.00,0.00,0.00,0.00,0.00,0.00,0.00,0.00,0.29,,VAR,L
LRIP6,R6117U24-816H0030,Unscheduled Maintenance of AF24 from DD250 to Start of ASIP Retrofit,,W,HHX,LR6117U24,HHX,HHX,201111,0.00,0.00,0.00,25.60,0.00,0.00,0.00,0.00,0.00,0.00,3602.25,,VAR,L
LRIP6,R6117012-818H0030,Investigation and Support for Actuator Torque Requirement NOE from GE,,W,HEX,,HEX,818H,201104,60.00,0.00,0.00,60.00,3088.20,0.00,0.00,7944.17,0.00,0.00,8698.38,,VAR,L
LRIP6,R6117012-818H0030,Investigation and Support for Actuator Torque Requirement NOE from GE,,W,HEX,,HEX,818H,201105,0.00,0.00,0.00,60.00,0.00,0.00,0.00,0.00,0.00,0.00,8698.38,,VAR,L
LRIP6,R6117012-818H0030,Investigation and Support for Actuator Torque Requirement NOE from GE,,W,HEX,,HEX,818H,201106,0.00,0.00,0.00,60.00,0.00,0.00,0.00,0.00,0.00,0.00,8547.66,,VAR,L
LRIP6,R6117012-818H0030,Investigation and Support for Actuator Torque Requirement NOE from GE,,W,HEX,,HEX,818H,201109,0.00,0.00,0.00,10.00,0.00,0.00,0.00,0.00,0.00,0.00,1424.50,,VAR,L
LRIP6,R6117012-818H0030,Investigation and Support for Actuator Torque Requirement NOE from GE,,W,HEX,,HEX,818H,201110,0.00,0.00,0.00,20.00,0.00,0.00,0.00,0.00,0.00,0.00,2848.99,,VAR,L
LRIP6,R6117012-818H0030,Investigation and Support for Actuator Torque Requirement NOE from GE,,W,HEX,,HEX,818H,201111,0.00,0.00,0.00,0.00,0.00,0.00,0.00,0.00,0.00,0.00,726.25,,VAR,L
LRIP6,R6117012-818H0030,Investigation and Support for Actuator Torque Requirement NOE from GE,,W,HEX,,HEX,818H,201112,0.00,0.00,0.00,0.00,0.00,0.00,0.00,0.00,0.00,0.00,242.08,,VAR,L
LRIP6,R6117012-818H0030,Investigation and Support for Actuator Torque Requirement NOE from GE,,W,HEX,,HEX,818H,201201,0.00,0.00,0.00,20.00,0.00,0.00,0.00,0.00,0.00,0.00,2462.92,,VAR,L
LRIP6,R6117012-818H0030,Investigation and Support for Actuator Torque Requirement NOE from GE,,W,HEX,,HEX,818H,201202,0.00,0.00,0.00,20.00,0.00,0.00,0.00,0.00,0.00,0.00,2462.92,,VAR,L
LRIP6,R6117012-818H0030,Investigation and Support for Actuator Torque Requirement NOE from GE,,W,HEX,,HEX,818H,201203,0.00,0.00,0.00,20.00,0.00,0.00,0.00,0.00,0.00,0.00,2462.92,,VAR,L
LRIP6,R6117013-810H0030,GE Notice of Escapes,,W,H00,LR6117013,H00,810H,201108,100.00,39.50,100.00,100.00,5147.00,5147.00,2607.12,13240.28,13240.28,6889.56,14244.96,,VAR,L
LRIP6,R6117013-810H0030,GE Notice of Escapes,,W,H00,LR6117013,H00,810H,201109,125.00,39.50,125.00,125.00,6433.75,6433.75,2923.83,16550.34,16550.34,7726.50,17806.20,,VAR,L
LRIP6,R6117013-810H0030,GE Notice of Escapes,,W,H00,LR6117013,H00,810H,201110,100.00,50.00,100.00,110.00,5147.00,5147.00,2812.60,13240.28,13240.28,7432.56,15669.46,,VAR,L
LRIP6,R6117013-810H0030,GE Notice of Escapes,,W,H00,LR6117013,H00,810H,201111,100.00,59.30,100.00,120.00,5147.00,5147.00,4137.73,13240.28,13240.28,10934.34,16885.55,,VAR,L
LRIP6,R6117013-810H0030,GE Notice of Escapes,,W,H00,LR6117013,H00,810H,201112,100.00,53.20,100.00,80.00,5147.00,5147.00,3738.34,13240.28,13240.28,9878.92,11257.03,,VAR,L
LRIP6,R6117013-810H0030,GE Notice of Escapes,,W,H00,LR6117013,H00,810H,201201,100.00,0.00,100.00,78.00,5734.00,5734.00,0.00,16156.67,16156.67,0.00,12602.20,,VAR,L
LRIP6,R6117013-810H0030,GE Notice of Escapes,,W,H00,LR6117013,H00,810H,201202,100.00,0.00,100.00,78.00,5734.00,5734.00,0.00,16156.67,16156.67,0.00,12602.20,,VAR,L
LRIP6,R6117013-810H0030,GE Notice of Escapes,,W,H00,LR6117013,H00,810H,201203,125.00,0.00,0.00,78.00,7167.50,0.00,0.00,20195.83,0.00,0.00,12602.20,,VAR,L
LRIP6,R6117013-810H0030,GE Notice of Escapes,,W,H00,LR6117013,H00,810H,201204,100.00,0.00,0.00,78.00,5734.00,0.00,0.00,16156.67,0.00,0.00,12602.20,,VAR,L
LRIP6,R6117013-810H0030,GE Notice of Escapes,,W,H00,LR6117013,H00,810H,201205,100.00,0.00,0.00,78.00,5734.00,0.00,0.00,16156.67,0.00,0.00,12602.20,,VAR,L
LRIP6,R6117013-810H0030,GE Notice of Escapes,,W,H00,LR6117013,H00,810H,201206,100.00,0.00,0.00,78.00,5734.00,0.00,0.00,16156.67,0.00,0.00,12602.20,,VAR,L
LRIP6,R6117013-810H0030,GE Notice of Escapes,,W,H00,LR6117013,H00,810H,201207,0.00,0.00,0.00,78.00,0.00,0.00,0.00,0.00,0.00,0.00,12602.20,,VAR,L
LRIP6,R6117013-810H0030,GE Notice of Escapes,,W,H00,LR6117013,H00,810H,201208,0.00,0.00,0.00,126.00,0.00,0.00,0.00,0.00,0.00,0.00,20357.40,,VAR,L
LRIP6,R6117014-818H818H,GE NOE Closure,,W,HEX,LR6117014,HEX,818H,201110,141.41,25.50,105.00,141.41,7278.59,5404.35,868.79,18723.62,13902.29,2295.86,20144.39,,VAR,L
LRIP6,R6117014-818H818H,GE NOE Closure,,W,HEX,LR6117014,HEX,818H,201111,134.34,376.50,49.77,134.34,6914.66,2561.66,14886.23,17787.44,6589.69,39338.28,18903.85,,VAR,L
LRIP6,R6117014-818H818H,GE NOE Closure,,W,HEX,LR6117014,HEX,818H,201112,141.41,299.70,23.80,299.25,7278.59,1224.99,12200.89,18723.62,3151.19,32242.01,42108.91,,VAR,L
LRIP6,R6117014-818H818H,GE NOE Closure,,W,HEX,LR6117014,HEX,818H,201201,141.41,0.00,0.00,246.30,8108.66,0.00,0.00,22847.74,0.00,0.00,39518.93,,VAR,L
LRIP6,R6117014-818H818H,GE NOE Closure,,W,HEX,LR6117014,HEX,818H,201202,186.41,0.00,0.00,242.98,10654.31,0.00,0.00,30020.61,0.00,0.00,38741.79,,VAR,L
LRIP6,R6117014-818H818H,GE NOE Closure,,W,HEX,LR6117014,HEX,818H,201203,57.00,0.00,0.00,57.00,3224.49,0.00,0.00,9085.63,0.00,0.00,9085.63,,VAR,L
LRIP6,R6117014-3J480030,GE NOE Closure,,W,HEX,LR6117014,HEX,3J48,201110,34.34,0.00,62.90,34.34,1600.06,2930.51,0.00,5566.34,10194.75,0.00,4001.17,,VAR,L
LRIP6,R6117014-3J480030,GE NOE Closure,,W,HEX,LR6117014,HEX,3J48,201111,32.63,0.00,34.00,32.63,1520.06,1584.06,0.00,5288.02,5510.67,0.00,3801.11,,VAR,L
LRIP6,R6117014-3J480030,GE NOE Closure,,W,HEX,LR6117014,HEX,3J48,201112,34.34,0.00,10.20,34.34,1600.06,491.65,0.00,5566.34,1780.44,0.00,4001.17,,VAR,L
LRIP6,R6117014-3J480030,GE NOE Closure,,W,HEX,LR6117014,HEX,3J48,201201,34.34,0.00,5.10,49.34,1697.59,252.09,0.00,6321.46,938.74,0.00,6076.45,,VAR,L
LRIP6,R6117014-3J480030,GE NOE Closure,,W,HEX,LR6117014,HEX,3J48,201202,34.34,0.00,0.00,68.02,1697.59,0.00,0.00,6321.46,0.00,0.00,8376.82,,VAR,L
LRIP6,R6117014-3J480030,GE NOE Closure,,W,HEX,LR6117014,HEX,3J48,201203,0.00,0.00,0.00,52.63,0.00,0.00,0.00,0.00,0.00,0.00,6481.16,,VAR,L
LRIP6,R6117014-3A4A0030,GE NOE Closure,,W,HEX,LR6117014,HEX,3A4A,201202,41.00,0.00,0.00,41.00,1337.01,0.00,0.00,4978.75,0.00,0.00,4978.75,,VAR,L
LRIP6,R6117014-3A4A0030,GE NOE Closure,,W,HEX,LR6117014,HEX,3A4A,201203,52.00,0.00,0.00,52.00,1695.72,0.00,0.00,6314.51,0.00,0.00,6314.51,,VAR,L
LRIP6,R642100Z-4D310030,PRGM MGMT SUSTAINING,,W,HHA,LR642100Z,HHX,4D31,201102,0.00,6.86,0.00,0.00,0.00,0.00,303.26,0.00,0.00,801.39,0.00,,0013,L
,,,,,,,,,,,,,,,,,,,,,,,
