//ID ,Contract,CAMCode,ChargeNo,Activity,Description,PseudoWCC,POP,Status
1,EHSS,H0X,LEH2120B2,0030,AV Program MGmt,L0810H,,Open
2,EHSS,H0X,LEH2120B2,0030,AV EPS Support,L0ML29,,Open
3,EHSS,H0X,LEH2320B2,0030,Change Mgmt Support,L03D82,,Open
4,EHSS,H0X,LEH2320B2,0030,Change Mgmt Support,L0810H,,Open
5,EHSS,HBX,LEH2531L2,0030,Mass Properties Doc. Final,L0811H,,Open
6,EHSS,HBX,LEH481202,0030,Structures & Mass Prop Support to First Sensor Flight,L0811H,,Open
7,EHSS,HBX,LEH481202,0030,Structures & Mass Prop Support to Calibration Flights - 1-3 & Signal Arrival,L0811H,,Open
8,EHSS,HBX,LEH481202,0030,Structures & Mass Prop Support to 24 hour Endurance Acceptance Flight Complete ,L0811H,,Open
9,EHSS,HBX,LEH481202,0030,Structures & Mass Prop Support to Ferry Flight Manching to Schleswig,L0811H,,Open
10,EHSS,HBX,LEH481202,0030,Structures & Mass Prop Support to Performance Engineering Test Flight Full Capability (ATP Dry Flight),L0811H,,Open
11,EHSS,HBX,LEH481202,0030,Structures & Mass Prop Support to ISIS Acceptance Flight / Acceptance Test ISIS Part II,L0811H,,Open
12,EHSS,HBX,LEH481202,0030,Update Sensor Vibration Report,L0811H,,Open
13,EHSS,HBX,LEH481202,0030,Update DaDT Report,L0811H,,Open
14,EHSS,HBX,LEH4812F2,0030,DaDT Support to Cross Wind Landing White Paper,L0811H,,Open
15,EHSS,HBX,LEH7213E2,0030,Revise LRU Cert Reports (6),L0811H,,Open
16,EHSS,HBX,LEH7213E2,0030,Update SDD's (3),L0811H,,Open
17,EHSS,HBX,LEH7213E2,0030,Update Subsystem Cert Reports (2),L0811H,,Open
18,EHSS,HBX,LEH7213E2,0030,One G Force Unit and Static FEA,L0811H,,Open
19,EHSS,HBX,LEH7213E2,0030,Final Spectra Assy,L0811H,,Open
20,EHSS,HBX,LEH7213E2,0030,"AV Planning Package for RFI’s, Actions and Document Updates",L0811H,,Open
21,EHSS,HBX,LEH7213E2,0030,Post Ferry Flight RFI's (10),L0811H,,Open
22,EHSS,HBX,LEH7213E2,0030,Post Ferry Flight RFI's (Additional 10),L0811H,,Open
23,EHSS,HBX,LEH7213E2,0030,Verify LRU Certs (223) against Qual Matrix ,L0811H,,Open
24,EHSS,HBX,LEH7213E2,0030,Update EH001s for Payload Integration (17),L0811H,,Open
25,EHSS,HBX,LEH7213E2,0030,Update EH001s for Sensor Flight (3),L0811H,,Open
26,EHSS,HBX,LEH7213E2,0030,Update EH001's for Sensor Flight (Additional 6),L0811H,,Open
27,EHSS,HDX,LEH242280,0030,ME Support to AV Engineering,L03J47,,Open
28,EHSS,HDX,LEH242280,0030,Create Mod Kit and Update Assy Drawing,L0813H,,Open
29,EHSS,HDX,LEH2711GM,0030,Air Vehicle ME Generate Planning for GS Electrical Mod,L03J47,,Open
30,EHSS,HEX,LEH242280,0030,"Update EH Schematic, 3671200E06027",L0818H,,Open
31,EHSS,HEX,LEH242280,0030,"Update EH Cordage, 3671200E06028",L0818H,,Open
32,EHSS,HEX,LEH246000,0030,Software Integration and ATP Support of Crash Survivable Memory Unit,HEX,,Open
33,EHSS,HEX,LEH2920F2,0030,Avionics Support - Completion of Documentation,L0818H,,Open
34,EHSS,HEX,LEH451202,0030,ME Support to Payload Integration,L03J48,,Open
35,EHSS,HEX,LEH451212,0030,Avionics support of HPX Testing,L0818H,,Open
36,EHSS,HEX,LEH451212,0030,Create Test Report,L0818H,,Open
37,EHSS,HEX,LEH451222,0030,Prepare for and Conduct ECS Test in Manching,L0815H,,Open
38,EHSS,HEX,LEH451222,0030,Post ECS Test Reporting,L0815H,,Open
39,EHSS,HEX,LEH451222,0030,Avionics Support to ECS Test,L0818H,,Open
40,EHSS,HEX,LEH481202,0030,Mechanical Subsystems Support to First Sensor Flight,L0815H,,Open
41,EHSS,HEX,LEH481202,0030,Mechanical Subsystems Support to Calibration Flights - 1-3 & Signal Arrival,L0815H,,Open
42,EHSS,HEX,LEH481202,0030,Mechanical Subsystems Support to 24 hour Endurance Acceptance Flight Complete ,L0815H,,Open
43,EHSS,HEX,LEH481202,0030,Mechanical Subsystems Support to Ferry Flight Manching to Schleswig,L0815H,,Open
44,EHSS,HEX,LEH481202,0030,Mechanical Subsystems Support to Performance Engineering Test Flight Full Capability (ATP Dry Flight),L0815H,,Open
45,EHSS,HEX,LEH481202,0030,Mechanical Subsystems Support to ISIS Acceptance Flight / Acceptance Test ISIS Part II,L0815H,,Open
46,EHSS,HEX,LEH481202,0030,Update ECS Test Summary Report,L0815H,,Open
47,EHSS,HEX,LEH481202,0030,Avionics & Electrical Support to First Sensor Flight,L0818H,,Open
48,EHSS,HEX,LEH481202,0030,Avionics & Electrical Support to Calibration Flights - 1-3 & Signal Arrival,L0818H,,Open
49,EHSS,HEX,LEH481202,0030,Avionics & Electrical Support to 24 hour Endurance Acceptance Flight Complete ,L0818H,,Open
50,EHSS,HEX,LEH481202,0030,Avionics & Electrical Support to Ferry Flight Manching to Schleswig,L0818H,,Open
51,EHSS,HEX,LEH481202,0030,Avionics & Electrical Support to Performance Engineering Test Flight Full Capability (ATP Dry Flight),L0818H,,Open
52,EHSS,HEX,LEH481202,0030,Avionics & Electrical Support to ISIS Acceptance Flight / Acceptance Test ISIS Part II,L0818H,,Open
53,EHSS,HEX,LEH481202,0030,Update Electrical Power Generation Test Summary Report,L0818H,,Open
54,EHSS,HHX,LEH481202,0030,Germany Flight Test - Liaison,L0816H,,Open
55,EHSS,HJX,LEH2420J2,0030,Validate OCF/ISIS Flight Test Mission Plan ,L0819H,,Open
56,EHSS,HJX,LEH2420J2,0030,Validate Taxi Mission Plan ,L0819H,,Open
57,EHSS,HJX,LEH2420J2,0030,Validate Ferry to Schleswig Mission Plan ,L0819H,,Open
58,EHSS,HJX,LEH2420J2,0030,Validate Schleswig Flight Mission Plan,L0819H,,Open
59,EHSS,HJX,LEH2712JM,0030,Write and Release MPET Development Test Procedure,L0819H,,Open
60,EHSS,HJX,LEH2712JM,0030,Write and Release MPET Software Version Document,L0819H,,Open
61,EHSS,HJX,LEH2712JM,0030,Perform MPET Development Test Procedure,L0819H,,Open
62,EHSS,HJX,LEH2712JM,0030,Release User's Guide and MPET Tool,L0819H,,Open
63,EHSS,HJX,LEH451212,0030,Flight Sciences support of HPX Testing,L0819H,,Open
64,EHSS,HJX,LEH481200,0030,LD2.1 Flight Sciences Support,L0819H,,Open
65,EHSS,HJX,LEH481202,0030,GNC Support to First Sensor Flight,L0819H,,Open
66,EHSS,HJX,LEH481202,0030,GNC Support to Calibration Flights - 1-3 & Signal Arrival,L0819H,,Open
67,EHSS,HJX,LEH481202,0030,GNC Support to 24 hour Endurance Acceptance Flight Complete ,L0819H,,Open
68,EHSS,HJX,LEH481202,0030,GNC Support to Ferry Flight Manching to Schleswig,L0819H,,Open
69,EHSS,HJX,LEH481202,0030,GNC Support to Performance Engineering Test Flight Full Capability (ATP Dry Flight),L0819H,,Open
70,EHSS,HJX,LEH481202,0030,GNC Support to ISIS Acceptance Flight / Acceptance Test ISIS Part II,L0819H,,Open
71,EHSS,HJX,LEH4812F2,0030,Flight Sciences Develop Cross Wind Landing White Paper,L0819H,,Open
72,BOA 5,HHX,LY315101A,0030,,L0816H,,#N/A
73,BOA 7,HHX,LD312000A,0030,,L0816H,,#N/A
74,BOA 7,H0X,LD312000A,0030,,L0810H,,#N/A
75,BOA 7,HJX,LD352000A,0030,,L0819H,,#N/A
76,BOA 16,HEX,LY110000A,0030,,L0818H,,#N/A
77,BOA 16,HJX,LY110000A,0030,,L0819H,,#N/A
78,BOA 16,HBX,LY110000A,0030,,L0811H,,#N/A
79,BOA 46,HHX,LDN14104A,0030,,L04A1G,,#N/A
80,BOA 23,HXX,LYB34HXXA,0030,,,,Open
81,EMD,HEX,LX812160A,0030,,L0818H,,Closed
82,EMD,HBX,LX812126A,0030,,L0811H,,Closed
83,EMD,HBX,LX812122A,0030,,L0811H,,Open
84,EMD,HJX,LX841432A,0030,,L0819H,,Closed
85,EMD,HEX,LX815301A,0030,,L0818H,,Closed
86,EMD,HDX,LX812329A,0030,,L03J47,,Closed
87,EMD,HJX,LX811320A,0030,,L0819H,,Closed
88,EMD,HBX,LX863A61A,0030,,L0811H,,Closed
89,EMD,HBX,LX863A61A,0030,,L0811H,,Closed
90,EMD,HEX,LX863A80A,0030,,L0818H,,Closed
91,EMD,H0X,LX863ARWK,0030,,L03J45,,Closed
92,EMD,HBX,LX863A80A,0030,,L0811H,,Closed
93,EMD,HBX,LX863A80A,0030,,L0811H,,Closed
94,EMD,HJX,LX863A70A,0030,,L0819H,,Closed
95,EMD,HBX,LX863A61A,0030,,L0811H,,Closed
96,EMD,HBX,LX863A61A,0030,,L0811H,,Closed
97,EMD,HJX,LX863A80A,0030,,L0819H,,Closed
98,EMD,H0X,LX863ARWK,0030,,L0810H,,Closed
99,EMD,HBX,LX863A61A,0030,,L0811H,,Closed
100,EMD,HBX,LX863A51A,0030,,L0811H,,Closed
101,EMD,HJX,LX863A80A,0030,,L0819H,,Closed
102,EMD,HJX,LX863A51A,0030,,L0819H,,Closed
103,EMD,HJX,LX863A61A,0030,,L0819H,,Closed
104,EMD,HBX,LX863A51A,0030,,L0811H,,Closed
105,EMD,HEX,LX863A80A,0030,,L0818H,,Closed
106,EMD,HEX,LX863A80A,0030,,L0815H,,Closed
107,EMD,HEX,LX863A80A,0030,,L0818H,,Closed
108,EMD,HEX,LX863A80A,0030,,L0815H,,Closed
109,EMD,HJX,LX863A80A,0030,,L0819H,,Closed
110,EMD,HEX,LX844564A,0030,,L03J48,,Closed
111,EMD,HEX,LX8154FGA,0030,,L0818H,,Closed
112,EMD,HDX,LX8154T1A,0030,,L03J47,,Open
113,EMD,H0X,LX8154RWK,0030,,L03J45,,Closed
114,EMD,HEX,LX8154T1A,0030,,L03J48,,Open
115,EMD,HEX,LX8154FFA,0030,,L0815H,,Closed
116,EMD,HEX,LX8154HVA,0030,,L03J48,,Open
117,EMD,HBX,LX8154FTA,0030,,L0811H,,Closed
118,EMD,HJX,LX8154HZA,0030,,L0819H,,Open
119,EMD,HDX,LX8154T1A,0030,,L0813H,,Open
120,EMD,HEX,LX8154HYA,0030,,L0815H,,Open
121,EMD,HEX,LX8154HUA,0030,,L0815H,,Open
122,EMD,HEX,LX8154HVA,0030,,L0814H,,Open
123,EMD,HDX,LX8154T0A,0030,,L0813H,,Open
124,EMD,H0X,LX8154RWK,0030,,L0810H,,Closed
125,EMD,HBX,LX841630A,0030,,L0811H,,Open
126,EMD,HJX,LX841630A,0030,,L0819H,,Open
127,EMD,HJX,LX841350A,0030,,L0819H,,Closed
128,EMD,HEX,LX823720A,0030,,L03J48,,Closed
129,EMD,HJX,LX823720A,0030,,L0819H,,Closed
130,EMD,HEX,LX844530A,0030,,L03J48,,Closed
131,EMD,HEX,LX844530A,0030,,L0814H,,Closed
132,EMD,HEX,LX815844A,0030,,L0814H,,Open
133,EMD,HBX,LX815844A,0030,,L0811H,,Open
134,EMD,HEX,LX815839A,0030,,L03J48,,Open
135,EMD,HEX,LX815839A,0030,,L0814H,,Open
136,EMD,HEX,LX814282A,0030,,L03J48,,Open
137,EMD,HEX,LX814282A,0030,,L0814H,,Open
138,EMD,HEX,LX814280A,0030,,L0814H,,Closed
139,EMD,HEX,LX814280A,0030,,L03J48,,Closed
140,EMD,HEX,LX814280A,0030,,L0815H,,Closed
141,EMD,HEX,LX814280A,0030,,L0818H,,Closed
142,EMD,HJX,LX814280A,0030,,L0819H,,Closed
143,EMD,HBX,LX861160A,0030,,L0811H,,Closed
144,EMD,HJX,LX861160A,0030,,L0819H,,Closed
145,EMD,HEX,LX861160A,0030,,L0818H,,Closed
146,EMD,HEX,LX861160A,0030,,L03J48,,Closed
147,EMD,HEX,LX861160A,0030,,L0814H,,Closed
148,EMD,HBX,LX861162A,0030,,L0811H,,Open
149,EMD,HEX,LX844545A,0030,,L03J48,,Closed
150,EMD,HEX,LX844545A,0030,,L0814H,,Closed
151,EMD,HJX,LX844545A,0030,,L0819H,,Closed
152,EMD,HEX,LX844545A,0030,,L0818H,,Closed
153,EMD,HBX,LX844545A,0030,,L0811H,,Closed
154,EMD,HEX,LX815840A,0030,,L03J48,,Closed
155,EMD,HEX,LX815840A,0030,,L0814H,,Closed
156,EMD,HEX,LX815840A,0030,,L0818H,,Closed
157,EMD,HEX,LX815326A,0030,,L03J48,,Open
158,EMD,HEX,LX815329A,0030,,L0815H,,Open
159,EMD,HEX,LX815329A,0030,,L0818H,,Open
160,EMD,HEX,LX815326A,0030,,L0814H,,Open
161,EMD,HEX,LX815808A,0030,,HEX,,Closed
162,EMD,HJX,LX844525A,0030,,L0819H,,Closed
163,LRIP 5,HEX,LGL091100,0030,AF16 GL09 FLT ACCEPT TST SECT 1100,L0814H,,Open
164,LRIP 5,HEX,LGL111400,0030,AF18 GL11 FUNCTIONAL ATP SEC 1400 -,L0814H,,Open
165,LRIP 5,HEX,LGL121100,0030,AF19 GL12 FLT ACCEPT TST SECT 1100,L0814H,,Open
166,LRIP 5,HHX,LR512ACTR,0030,ACTUATORS SPOILER/RUDERVATOR/AILERON,L04J3G,,Open
167,LRIP 6,H0X,LR6117013,0030,GE Notice of Escapes,L0810H,,Open
168,LRIP 7,HEX,LAF25ALLX,0030,AF25 -AUXILIARY EQUIPMENT- MISC,L0815H,,Open
169,LRIP 7,HEX,LAF27ALLX,0030,AF27 WEIGHT AND BALANCE TESTS,L0815H,,Open
170,LRIP 6,HEX,LR6117010,0030,Investigation and Support for Actuator Conformal Coating NOE from GE,L0818H,,Open
171,LRIP 6,HEX,LR6117011,0030,Investigation and Support for Actuator Abrasion Resistant Film Requirement NOE from GE,L0818H,,Open
172,LRIP 6,HEX,LR6117014,0030,GE NOE Closure,L03J48,,Open
173,LRIP 6,HHX,LR620171R,0030,PCR 20171 Control Rod Ruddervator,L04J4G,,Open
174,LRIP 6,HHX,LR6312730,0030,PCR 12730 Spar Fitting Slip Fix,L04J4G,,Open
175,LRIP 6,HHX,LR6312730,0030,PCR 12730 Spar Fitting Slip Fix,L04P6B,,Open
176,LRIP 7,HBX,LAF28ALLX,0030,AF28 -AUXILIARY EQUIPMENT- MISC,L0811H,,Open
177,LRIP 7,HEX,LAF28ALLX,0030,AF28 -AUXILIARY EQUIPMENT- MISC,L0815H,,Open
178,LRIP 7,HDX,LR714147R,0030,ECP 14147 Pod Door Actuator Fitting,L03J47,,Open
179,LRIP 7,HJX,LAF28ALLX,0030,AF28 -AUXILIARY EQUIPMENT- MISC,L0819H,,Open
180,LRIP 7,HBX,LAF29ALLX,0030,AF29 WEIGHT AND BALANCE TESTS - DEVIATION,L0811H,,Open
181,LRIP 7,HEX,LAF29ALLX,0030,AF29 WEIGHT AND BALANCE TESTS - DEVIATION,L0815H,,Open
182,LRIP 7,HJX,LAF29ALLX,0030,AF29 WEIGHT AND BALANCE TESTS - DEVIATION,L0819H,,Open
183,LRIP 7,HEX,LR721512R,0030,ECP 21512 MLG Strut Heater Quick Response,L0815H,,Open
184,LRIP 7,HEX,LR721512R,0030,ECP 21512 MLG Strut Heater Quick Response,L0818H,,Open
185,LRIP 7,HEX,LR7RTIP27,0030,Ground Support for MP-RTIP Production Unit 1,L0818H,,Open
186,LRIP 7,HEX,LR7RTIP28,0030,Ground Support for MP-RTIP Production Unit 2,L0818H,,Open
187,LRIP 7,HHX,LR714147R,0030,ECP 14147 Pod Door Actuator Fitting,L04A1G,,Open
188,LRIP 7,HHX,LR714147R,0030,ECP 14147 Pod Door Actuator Fitting,L04J4G,,Open
189,LRIP 7,HHX,LR720583R,0030,CR 20583 KN-4074 INS/GPS Startup,L04A1G,,Open
190,LRIP 7,HHX,LR721029R,0030,ECP 21029 R1 Ice Detector Modification,L04A1G,,Open
191,LRIP 7,HHX,LR721029R,0030,ECP 21029 R1 Ice Detector Modification,L04J3G,,Open
192,LRIP 7,HHX,LR721029R,0030,ECP 21029 R1 Ice Detector Modification,L04J4G,,Open
193,LRIP 7,HHX,LR721029R,0030,ECP 21029 R1 Ice Detector Modification,L0816H,,Open
194,LRIP 7,HHX,LR720583R,0030,CR 20583 KN-4074 INS/GPS Startup,L04J4G,,Open
195,LRIP 7,HHX,LR721038R,0030,ECP 21038 25 kVa Instrumentation,L04J3G,,Open
196,LRIP 7,HHX,LR721038R,0030,ECP 21038 25 kVa Instrumentation,L04J4G,,Open
197,LRIP 7,HHX,LR721164R,0030,CR 21164 25 kVA Instrumentation for AF23,L04J3G,,Open
198,LRIP 7,HHX,LR721164R,0030,CR 21164 25 kVA Instrumentation for AF23,L04J4G,,Open
199,LRIP 7,HHX,LR721206R,0030,CR 21206 BSCU S/W Correction,L04J3G,,Open
200,LRIP 7,HHX,LR721206R,0030,CR 21206 BSCU S/W Correction,L04J4G,,Open
201,LRIP 8B,HHX,LAF31ALLX,0030,AF31 BUILD PMC SECT1100,L04A1G,,Open
202,LRIP 8B,HHX,LAF32ALLX,0030,AF32 BUILD PMC SECT1100,L04A1G,,Open
203,LRIP 8B,HBX,LAF30ALLX,0030,AF30 WEIGHT AND BALANCE TESTS,L0811H,,Open
204,LRIP 8B,HEX,LAF30ALLX,0030,AF30 - AV Support - 9G08 - Edwards,L0815H,,Open
205,LRIP 8B,HJX,LAF30ALLX,0030,FLIGHT TEST SUPPORT - AERO AF30,L0819H,,Open
206,LRIP 8B,HBX,LAF31ALLX,0030,AF31 WEIGHT AND BALANCE TESTS,L0811H,,Open
207,LRIP 8B,HEX,LAF31ALLX,0030,AF31- AV Support - 9G08 - Edwards,L0815H,,Open
208,LRIP 8B,HBX,LR821548D,0030,ECP 21548 DaDT Control Point Analysis,L0811H,,Open
209,LRIP 8B,HBX,LR821548N,0030,ECP 21548 DaDT Control Point Analysis,L0811H,,Open
210,LRIP 8B,HDX,LR821548D,0030,ECP 21548 DaDT Control Point Analysis,L0813H,,Open
211,LRIP 8B,HDX,LR821548N,0030,ECP 21548 DaDT Control Point Analysis,L0813H,,Open
212,LRIP 8B,HJX,LAF31ALLX,0030,ENGINEERING SUPPORT FOR AF31 AERO,L0819H,,Open
213,LRIP 8B,HHX,LAF33ALLX,0030,AF33 BUILD PMC SECT1100,L04A1G,,Open
214,LRIP 8B,HEX,LAF32ALLX,0030,AF32 -  AV Support - 4A1G - Palmdale (P,L0815H,,Open
215,LRIP 8B,HBX,LAF32ALLX,0030,AF32 WEIGHT AND BALANCE TESTS,L0811H,,Open
216,LRIP 8B,HEX,LAF33ALLX,0030,AF33 - AV Support - 4A1G - Palmdale (PM,L0815H,,Open
217,LRIP 8B,HJX,LAF32ALLX,0030,ENGINEERING SUPPORT AF32 AERO,L0819H,,Open
218,LRIP 8B,HEX,LAF33ALLX,0030,AF33 - AV Engrg Support - 4A1G - Palmda,L0815H,,Open
219,LRIP 8B,HEX,LAF32ALLX,0030,AF32 - AV Support - 9G08 - Edwards,L0815H,,Open
220,LRIP 8B,HHX,LAF33ALLX,0030,AF33 BUILD PMC SECT1400,L04A1G,,Open
221,LRIP 8B,HEX,LAF34ALLX,0030,AF34 - AV Engrg Support - 4A1G - Palmda,L0815H,,Open
222,LRIP 8B,HEX,LR8121D0Z,0030,AV IPT - CKT MACHINE INTEGRATION SUPPORT,L0818H,,Open
223,LRIP 8B,HEX,LR842414Z,0030,PDC Affordability Integration CKT,L03A4A,,Open
224,LRIP 8B,HEX,LR842414Z,0030,PDC Affordability M/E for CKT,L03J4A,,Open
225,LRIP 8B,HEX,LR842414Z,0030,PDC Affordability Design Circuit,L09G55,,Open
226,LRIP 8B,HEX,LR8EISS18,0030,AV IPT - EISS 18 FLIGHT TEST SUPPORT,L0818H,,Open
227,LRIP 8B,HEX,LR8EISS19,0030,AV IPT - EISS 19 FLIGHT TEST SUPPORT,L0818H,,Open
228,LRIP 8B,HBX,LAF33ALLX,0030,AF33 WEIGHT AND BALANCE TESTS,L0811H,,Open
229,LRIP 8B,HEX,LAF33ALLX,0030,AF33 - AV Support - 9G08 - Edwards,L0815H,,Open
230,LRIP 8B,HJX,LAF33ALLX,0030,ENGINEERING SUPPORT AF33 - AERO,L0819H,,Open
231,LRIP 8B,HHX,LAF33ALLX,0030,AF33 BUILD PMC SECT1600,L04A1G,,Open
232,LRIP 8B,HEX,LAF34ALLX,0030,AF34 - AV Support - 4A1G - Palmdale (PM,L0815H,,Open
233,LRIP 8B,HHX,LAF34ALLX,0030,AF34 BUILD PMC SECT1100,L04A1G,,Open
234,LRIP 8B,HBX,LAF34ALLX,0030,AF34 WEIGHT AND BALANCE TESTS,L0811H,,Open
235,LRIP 8B,HEX,LAF34ALLX,0030,AF34 - AV Support - 9G08 - Edwards,L0815H,,Open
236,LRIP 8B,HHX,LR8117PFI,0030,PALMDALE FLIGHT TEST INFRASTRUCTURE,L04A1G,,Open
237,LRIP 8B,HHX,LR8117PFI,0030,PALMDALE FLIGHT TEST INFRASTRUCTURE,L09G07,,Open
238,LRIP 8B,HHX,LR8EISS18,0030,EISS 18 INSTALL/FLIGHT TEST,L04A1G,,Open
239,LRIP 8B,HHX,LR8EISS19,0030,INSTALL EISS 19,L04A1G,,Open
240,LRIP 8B,HJX,LAF34ALLX,0030,ENGINEERING SUPPORT AF34 AERO,L0819H,,Open
241,LRIP 8B,HHX,LAF34ALLX,0030,AF34 BUILD PMC SECT1400,L04A1G,,Open
242,LRIP 8B,HHX,LAF34ALLX,0030,AF34 BUILD PMC SECT1600,L04A1G,,Open
243,LRIP 9B,HHX,LAF35ALLX,0030,AF35 Build PMC Sect1100,L04A1G,,Open
244,LRIP 9B,HHX,LAF35ALLX,0030,AF35 Build PMC Sect1400,L04A1G,,Open
245,LRIP 8B,HJX,LR8EISS18,0030,AV IPT - EISS 18 FLIGHT TEST SUPPORT,L0819H,,Open
246,LRIP 8B,HJX,LR8EISS19,0030,AV IPT - EISS 19 FLIGHT TEST SUPPORT,L0819H,,Open
247,LRIP 9B,H0X,LR9CB3J45,0030,AV IPT-MFG Program Mgmt-Common BL,L03J45,,Open
248,LRIP 9B,H0X,LR9CB810H,0030,AV IPT - Program Mgmt-Common BL,L0810H,,Open
249,LRIP 9B,H0X,LR9PB810H,0030,Tech Oversight Support-Peculiar BL,L0810H,,Open
250,LRIP 9B,H0X,LR9PBAR10,0030,Actuator Rework- 810H Peculiar BL,L0810H,,Open
251,LRIP 9B,H0X,LR9CBRWKE,0030,AV ENG Sust Rework-Common BL,L0810H,,Open
252,LRIP 9B,H0X,LR9CBRWKM,0030,AV MFG Sust Rework-Common BL,L03J45,,Open
253,LRIP 9B,H0X,LR9CBML29,0030,Material Eng Coord-Common BL,L0ML29,,Open
254,LRIP 9B,HBX,LAF35ALLX,0030,AF35 Weight & Balances Test,L0811H,,Open
255,LRIP 9B,HEX,LAF35ALLX,0030,AF35 Section 1400 Support,L0815H,,Open
256,LRIP 9B,HEX,LAF35ALLX,0030,AF35 AV IPT Sect 1100 Support,L0818H,,Open
257,LRIP 9B,HJX,LAF35ALLX,0030,AF35 AV Flight Test Support,L0819H,,Open
258,LRIP 9B,HBX,LR9CB811H,0030,Analysis & System Integ-Common BL,L0811H,,Open
259,LRIP 9B,HDX,LR9CB3J47,0030,RBDC GH MFG Eng-Common BL,L03J47,,Open
260,LRIP 9B,HEX,LAF36ALLX,0030,AF36 Assy & Test of Electrical Comp,L03A4A,,Open
261,LRIP 9B,HDX,LR9CB813H,0030,Airfram Sustaining Eng-Common BL,L0813H,,Open
262,LRIP 9B,HDX,LR9CBRBBM,0030,BAMs RB Engineers Support,HDX,,Open
263,LRIP 9B,HDX,LR9PB813H,0030,Airfram Sustaining-Peculiar BL,L0813H,,Open
264,LRIP 9B,HDX,LR9CB817H,0030,AV Sustaining Eng-Common BL,L0817H,,Open
265,LRIP 9B,HHX,LAF36ALLX,0030,AF36 Build PMC Sect1100,L04A1G,,Open
266,LRIP 9B,HBX,LAF36ALLX,0030,AF36 Weight & Balances Test,L0811H,,Open
267,LRIP 9B,HEX,LAF36ALLX,0030,AF36 Section 1400 Support,L0815H,,Open
268,LRIP 9B,HEX,LR9CB3J48,0030,RBDC MFG Eng Equipment Install-Common BL,L03J48,,Open
269,LRIP 9B,HEX,LR9CB3J4A,0030,RBDC MFG Eng AV Avionics & Elec-Common BL,L03J4A,,Open
270,LRIP 9B,HEX,LR9CB814H,0030,Equipment Installations-Common BL,L0814H,,Open
271,LRIP 9B,HEX,LAF36ALLX,0030,AF36 AV IPT Sect 1100 Support,L0818H,,Open
272,LRIP 9B,HJX,LAF36ALLX,0030,AF36 AV Flight Test Support,L0819H,,Open
273,LRIP 9B,HHX,LAF36ALLX,0030,AF36 Build PMC Sect1400,L04A1G,,Open
274,LRIP 9B,HEX,LAF37ALLX,0030,AF37 Assy & Test of Electrical Comp,L03A4A,,Open
275,LRIP 9B,HEX,LR91392NR,0030,CR21392 Steering Unit ATP Change LABOR,HEX,,Open
276,LRIP 9B,HEX,LR9CB815H,0030,Mecahnical Subsystems-Common BL,L0815H,,Open
277,LRIP 9B,HHX,LAF37ALLX,0030,AF37 Build PMC Sect1100,L04A1G,,Open
278,LRIP 9B,HBX,LAF37ALLX,0030,AF37 Weight & Balances Test,L0811H,,Open
279,LRIP 9B,HEX,LAF37ALLX,0030,AF37 Section 1400 Support,L0815H,,Open
280,LRIP 9B,HEX,LAF37ALLX,0030,AF37 AV IPT Sect 1100 Support,L0818H,,Open
281,LRIP 9B,HEX,LEIS20HEX,0030,EISS20 AV IPT Sect. 1100 Support,HEX,,Open
282,LRIP 9B,HEX,LEIS21HEX,0030,EISS21 AV IPT Sect. 1100 Support,HEX,,Open
283,LRIP 9B,HEX,LR9CB818H,0030,Avionics & Electrical Spt-Common BL,L0818H,,Open
284,LRIP 9B,HHX,LR9121HHX,0030,Tooling Support -Tool Design/Fabrication,HHX,,Open
285,LRIP 9B,HHX,LR9CB3J3M,0030,UMS IE Support to MPS-Common BL,L03J3M,,Open
286,LRIP 9B,HHX,LR9CB3J4M,0030,ME Project Support to Mississippi-Common BL,L03J4M,,Open
287,LRIP 9B,HJX,LAF37ALLX,0030,AF37 AV Flight Test Support,L0819H,,Open
288,LRIP 9B,HHX,LR9CB3M1G,0030,Manufacturing Spt to MPS-Common BL,L03M1G,,Open
289,LRIP 9B,HHX,LAF37ALLX,0030,AF37 Build PMC Sect1400,L04A1G,,Open
290,LRIP 9B,HHX,LAF37ALLX,0030,AF37 Build PMC Sect1600,L04A1G,,Open
291,LRIP 9B,HHX,LAF37ALLX,0030,AF37 Build PMC Sect1700,L04A1G,,Open
292,LRIP 9B,HEX,LAF38ALLX,0030,AF38 Assy & Test of Electrical Comp,L03A4A,,Open
293,LRIP 9B,HHX,LAF38ALLX,0030,AF38 Moss Point Prod Sec1800,L03M1G,,Open
294,LRIP 9B,HBX,LAF38ALLX,0030,AF38 Weight & Balances Test,L0811H,,Open
295,LRIP 9B,HDX,LAF38ALLX,0030,AF38 Static Proof Tests,L0813H,,Open
296,LRIP 9B,HEX,LAF38ALLX,0030,AF38 Section 1400 Support,L0815H,,Open
297,LRIP 9B,HEX,LAF38ALLX,0030,AF38 AV IPT Sect 1100 Support,L0818H,,Open
298,LRIP 9B,HJX,LAF38ALLX,0030,AF38 AV Flight Test Support,L0819H,,Open
299,LRIP 9B,HHX,LAF38ALLX,0030,AF38 Build PMC Sect1100,L04A1G,,Open
300,LRIP 9B,HHX,LAF38ALLX,0030,AF38 Build PMC Sect1400,L04A1G,,Open
301,LRIP 9B,HHX,LEIS20HHX,0030,EISS20 Install/Flight Test,HHX,,#N/A
302,LRIP 9B,HHX,LEIS21HHX,0030,EISS21 Install/Flight Test,HHX,,#N/A
303,LRIP 9B,HHX,LR9CB4A1G,0030,Manufacturing Spt to PMC-Common BL,L04A1G,,Open
304,LRIP 9B,HHX,LR9CB4D31,0030,Production EVMS Spt to PMC-Common BL,L04D31,,Open
305,LRIP 9B,HHX,LR9CB4J35,0030,Master Scheduling-Common BL,L04J35,,Open
306,LRIP 9B,HHX,LR9CB4J3G,0030,UMS IE Spt to Palmdale Assem-Common BL,L04J3G,,Open
307,LRIP 9B,HHX,LR9CB4J4G,0030,ME Palmdale Liaison-Common BL,L04J4G,,Open
308,LRIP 9B,HHX,LR9CB4P6B,0030,Tooling Cycles Periodics & Maint-Common BL,L04P6B,,Open
309,LRIP 9B,HHX,LR9CB816H,0030,Production Liaison Eng-Common BL,L0816H,,Open
310,LRIP 9B,HHX,LR9AI9G07,0030,Palmdale PAI Support,L09G07,,Open
311,LRIP 9B,HHX,LAF38ALLX,0030,AF38 Build PMC Sect1600,L04A1G,,Open
312,LRIP 9B,HHX,LAF38ALLX,0030,AF38 Build PMC Sect1700,L04A1G,,Open
313,LRIP 6,HEX,LGL16ALLX,0030,AF-23 - AV Support - 9G08 - Edwards,L0815H,,Open
314,LRIP 6,HEX,LGL17ALLX,0030,AF-24 - AV Support - 9G08 - Edwards,L0815H,,Open
315,LRIP 9B,HJX,LEIS20HJX,0030,EISS20 AV IPT Flight Test Support,L0819H,,Open
316,LRIP 9B,HJX,LEIS21HJX,0030,EISS21 AV IPT Flight Test Support,L0819H,,Open
317,LRIP 9B,HJX,LR9CB819H,0030,Flight Systems Eng-Common BL,L0819H,,Open
318,S&S,H0X,LT44110BZ,0030,AV IPT Program Management OP1 Baseline,L0810H,,Open
319,S&S,H0X,LT44110CZ,0030,AV IPT Program Management OP1 OCO,L0810H,,Open
320,S&S,H0X,LT44110NZ,0030,AV IPT Program Management OP1 BACN,L0810H,,Open
321,S&S,HJX,LT44131BZ,0030,AV IPT Flt. Sys. MPWG Support OP1,L0819H,,Open
322,S&S,HJX,LT4413ABT,0030,AV IPT Flt. Sys. MPWG Support OP1,L0819H,,Open
323,S&S,HEX,LT44210NA,0030,AV IPT UAV Subsytems FSR at 380th,L0815H,,Open
324,S&S,HEX,LT44210NZ,0030,AV IPT UAV Subsystems FSR at 380th,L0815H,,Open
325,S&S,HEX,LT4421ANT,0030,AV IPT UAV Subsystems FSR at 380th,L0817H,,Open
326,S&S,HEX,LT4421NTA,0030,AV IPT UAV Subsytems FSR at 380th Travel,L0815H,,Open
327,S&S,HJX,LT44220BZ,0030,AV IPT Mission Plan Valid. OP1 Baseline,L0819H,,Open
328,S&S,HJX,LT44220CZ,0030,AV IPT Mission Plan Valid. OP1 OCO,L0819H,,Open
329,S&S,HJX,LT44220NZ,0030,AV IPT Mission Plan Valid. OP1 BACN,L0819H,,Open
330,S&S,HJX,LT44522BZ,0030,AV IPT Flt. Sys. SRA Support OP1,L0819H,,Open
331,S&S,HJX,LT4452VBT,0030,AV IPT Flt. Sys. SRA Support OP1,L0819H,,Open
332,S&S,HEX,LT44561BM,0030,AV expedited procurement of hardware of strut heaters for Guam,L0815H,,Open
333,S&S,HDX,LT44561BZ,0030,Manufacturing Engineering Support,L03J47,,Open
334,S&S,HBX,LT44561BZ,0030,AV IPT Integ. & Analysis SE OP1 Baseline,L0811H,,Open
335,S&S,HDX,LT44561BZ,0030,AV IPT Airframe SE OP1 Baseline,L0813H,,Open
336,S&S,HEX,LT44561BZ,0030,AV IPT Equip. & Subsys. SE OP1 Baseline,L0815H,,Open
337,S&S,HJX,LT44561BZ,0030,AV IPT Flight Systems SE OP1 Baseline,L0819H,,Open
338,S&S,HDX,LT44561CZ,0030,Manufacturing Engineering Support,L03J47,,Open
339,S&S,HBX,LT44561CZ,0030,AV IPT Integ. & Analysis SE OP1 OCO,L0811H,,Open
340,S&S,HDX,LT44561CZ,0030,AV IPT Airframe SE OP1 OCO,L0813H,,Open
341,S&S,HEX,LT44561CZ,0030,AV IPT Equip. & Subsys. SE OP1 OCO,L0815H,,Open
342,S&S,HJX,LT44561CZ,0030,AV IPT Flight Systems SE OP1 OCO,L0819H,,Open
343,S&S,HDX,LT44561NZ,0030,Manufacturing Engineering Support,L03J47,,Open
344,S&S,HBX,LT44561NZ,0030,AV IPT Integ. & Analysis SE OP1 BACN,L0811H,,Open
345,S&S,HDX,LT44561NZ,0030,AV IPT Airframe SE OP1 BACN,L0813H,,Open
346,S&S,HEX,LT44561NZ,0030,AV IPT Equip. & Subsys. SE OP1 BACN,L0815H,,Open
347,S&S,HJX,LT44561NZ,0030,AV IPT Flight Systems SE OP1 BACN,L0819H,,Open
348,S&S,HEX,LT44565BZ,0030,MLG Strut Heater Quick Response,L03J48,,Open
349,S&S,HEX,LT44565BZ,0030,MLG Strut Heater Quick Response,L0815H,,Open
350,S&S,HEX,LT44565BZ,0030,MLG Strut Heater Quick Response,L0818H,,Open
351,S&S,HBX,LT44671BZ,0030,AV IPT RQ4B FSMP OP1,L0811H,,Open
352,S&S,HBX,LT44672BT,0030,AF-15 Non-Description Inspection Travel,L0811H,,Open
353,S&S,HBX,LT44672BZ,0030,AV IPT Phase Inspections - Baseline OP1,L0811H,,Open
354,S&S,HBX,LT44672CZ,0030,AV IPT Phase Inspections - OCO OP1,L0811H,,Open
355,S&S,HBX,LT44672NT,0030,AV IPT Phase Inspections - BACN OP1,L0811H,,Open
356,S&S,HBX,LT44672NZ,0030,AV IPT Phase Inspections - BACN OP1,L0811H,,Open
357,S&S,HEX,LT44673BM,0030,"Qty 3 BSCU-peculiar power cables for PMC, EAFB and RB",L0815H,,Open
358,S&S,HBX,LT44673BZ,0030,AV IPT Corrosion Prevention OP1,L0811H,,Open
359,S&S,HDX,LT44673BZ,0030,AV IPT Corrosion Prevention OP1,L0813H,,Open
360,S&S,HEX,LT44673BZ,0030,AV IPT MECSIP OP1,L0815H,,Open
361,S&S,HBX,LT44674BZ,0030,AV IPT NDI Program OP1,L0811H,,Open
362,S&S,HJX,LT44674BZ,0030,AV IPT Flight Systems ENSIP OP1,L0819H,,Open
363,S&S,HBX,LT44675BZ,0030,AV IPT Integ. & Ana. AIP Support OP1,L0811H,,Open
364,S&S,HEX,LT44675BZ,0030,AV IPT Equip. & Subsys. AIP Support OP1,L0815H,,Open
365,S&S,HBX,LT44676BZ,0030,AV IPT RQ4B IATP OP1 Baseline,L0811H,,Open
366,S&S,HBX,LT44677BZ,0030,AV IPT Force Management Execution OP1,L0811H,,Open
367,S&S,HEX,LT44950BZ,0030,AV IPT Equip. & Subsys. ICD Support OP1,L0815H,,Open
368,EMD,H0X,LX840H00A,0030,,L0811H,,Open
369,EHSS,H0X,LEH212002,0030,,L0811H,,Open
370,EHSS,H0X,LEH232002,0030,,L0811H,,Open
371,EMD,H0X,LX8414E0A,0030,,L0811H,,Open
372,EMD,H0X,LX8414E2A,0030,,L0811H,,Open
373,EMD,H0X,LX841H00A,0030,,L0811H,,Open
374,EMD,H0X,LX842H00A,0030,,L0811H,,Open
375,EMD,HEX,LX8AUHEXA,0030,CR21541 EAU INSTALLATION CABLE REROUTE,,,Open
376,EMD,HEX,LX88AHEAA,0030,CR 20650 Ice Detector,,,Open
377,LRIP 7,HHX,LR721660D,0030,Retrofit NRE,L04J4G,,Open
378,LRIP 7,HEX,LR721660D,0030,,L03J48,,Open
379,LRIP 7,HEX,LR721660D,0030,,L0814H,,Open
380,EHSS,H0X,LEH2120B2,0030,AV Program MGmt,L0810H,,Open
381,EHSS,H0X,LEH2120B2,0030,AV EPS Support,L0ML29,,Open
382,EHSS,H0X,LEH2320B2,0030,Change Mgmt Support,L03D82,,Open
383,EHSS,H0X,LEH2320B2,0030,Change Mgmt Support,L0810H,,Open
384,EHSS,HBX,LEH2531L2,0030,Mass Properties Doc. Final,L0811H,,Open
385,EHSS,HBX,LEH481202,0030,Structures & Mass Prop Support to First Sensor Flight,L0811H,,Open
386,EHSS,HBX,LEH481202,0030,Structures & Mass Prop Support to Calibration Flights - 1-3 & Signal Arrival,L0811H,,Open
387,EHSS,HBX,LEH481202,0030,Structures & Mass Prop Support to 24 hour Endurance Acceptance Flight Complete ,L0811H,,Open
388,EHSS,HBX,LEH481202,0030,Structures & Mass Prop Support to Ferry Flight Manching to Schleswig,L0811H,,Open
389,EHSS,HBX,LEH481202,0030,Structures & Mass Prop Support to Performance Engineering Test Flight Full Capability (ATP Dry Flight),L0811H,,Open
390,EHSS,HBX,LEH481202,0030,Structures & Mass Prop Support to ISIS Acceptance Flight / Acceptance Test ISIS Part II,L0811H,,Open
391,EHSS,HBX,LEH481202,0030,Update Sensor Vibration Report,L0811H,,Open
392,EHSS,HBX,LEH481202,0030,Update DaDT Report,L0811H,,Open
393,EHSS,HBX,LEH4812F2,0030,DaDT Support to Cross Wind Landing White Paper,L0811H,,Open
394,EHSS,HBX,LEH7213E2,0030,Revise LRU Cert Reports (6),L0811H,,Open
395,EHSS,HBX,LEH7213E2,0030,Update SDD's (3),L0811H,,Open
396,EHSS,HBX,LEH7213E2,0030,Update Subsystem Cert Reports (2),L0811H,,Open
397,EHSS,HBX,LEH7213E2,0030,One G Force Unit and Static FEA,L0811H,,Open
398,EHSS,HBX,LEH7213E2,0030,Final Spectra Assy,L0811H,,Open
399,EHSS,HBX,LEH7213E2,0030,"AV Planning Package for RFI’s, Actions and Document Updates",L0811H,,Open
400,EHSS,HBX,LEH7213E2,0030,Post Ferry Flight RFI's (10),L0811H,,Open
401,EHSS,HBX,LEH7213E2,0030,Post Ferry Flight RFI's (Additional 10),L0811H,,Open
402,EHSS,HBX,LEH7213E2,0030,Verify LRU Certs (223) against Qual Matrix ,L0811H,,Open
403,EHSS,HBX,LEH7213E2,0030,Update EH001s for Payload Integration (17),L0811H,,Open
404,EHSS,HBX,LEH7213E2,0030,Update EH001s for Sensor Flight (3),L0811H,,Open
405,EHSS,HBX,LEH7213E2,0030,Update EH001's for Sensor Flight (Additional 6),L0811H,,Open
406,EHSS,HDX,LEH242280,0030,ME Support to AV Engineering,L03J47,,Open
407,EHSS,HDX,LEH242280,0030,Create Mod Kit and Update Assy Drawing,L0813H,,Open
408,EHSS,HDX,LEH2711GM,0030,Air Vehicle ME Generate Planning for GS Electrical Mod,L03J47,,Open
409,EHSS,HEX,LEH242280,0030,"Update EH Schematic, 3671200E06027",L0818H,,Open
410,EHSS,HEX,LEH242280,0030,"Update EH Cordage, 3671200E06028",L0818H,,Open
411,EHSS,HEX,LEH246000,0030,Software Integration and ATP Support of Crash Survivable Memory Unit,HEX,,Open
412,EHSS,HEX,LEH2920F2,0030,Avionics Support - Completion of Documentation,L0818H,,Open
413,EHSS,HEX,LEH451202,0030,ME Support to Payload Integration,L03J48,,Open
414,EHSS,HEX,LEH451212,0030,Avionics support of HPX Testing,L0818H,,Open
415,EHSS,HEX,LEH451212,0030,Create Test Report,L0818H,,Open
416,EHSS,HEX,LEH451222,0030,Prepare for and Conduct ECS Test in Manching,L0815H,,Open
417,EHSS,HEX,LEH451222,0030,Post ECS Test Reporting,L0815H,,Open
418,EHSS,HEX,LEH451222,0030,Avionics Support to ECS Test,L0818H,,Open
419,EHSS,HEX,LEH481202,0030,Mechanical Subsystems Support to First Sensor Flight,L0815H,,Open
420,EHSS,HEX,LEH481202,0030,Mechanical Subsystems Support to Calibration Flights - 1-3 & Signal Arrival,L0815H,,Open
421,EHSS,HEX,LEH481202,0030,Mechanical Subsystems Support to 24 hour Endurance Acceptance Flight Complete ,L0815H,,Open
422,EHSS,HEX,LEH481202,0030,Mechanical Subsystems Support to Ferry Flight Manching to Schleswig,L0815H,,Open
423,EHSS,HEX,LEH481202,0030,Mechanical Subsystems Support to Performance Engineering Test Flight Full Capability (ATP Dry Flight),L0815H,,Open
424,EHSS,HEX,LEH481202,0030,Mechanical Subsystems Support to ISIS Acceptance Flight / Acceptance Test ISIS Part II,L0815H,,Open
425,EHSS,HEX,LEH481202,0030,Update ECS Test Summary Report,L0815H,,Open
426,EHSS,HEX,LEH481202,0030,Avionics & Electrical Support to First Sensor Flight,L0818H,,Open
427,EHSS,HEX,LEH481202,0030,Avionics & Electrical Support to Calibration Flights - 1-3 & Signal Arrival,L0818H,,Open
428,EHSS,HEX,LEH481202,0030,Avionics & Electrical Support to 24 hour Endurance Acceptance Flight Complete ,L0818H,,Open
429,EHSS,HEX,LEH481202,0030,Avionics & Electrical Support to Ferry Flight Manching to Schleswig,L0818H,,Open
430,EHSS,HEX,LEH481202,0030,Avionics & Electrical Support to Performance Engineering Test Flight Full Capability (ATP Dry Flight),L0818H,,Open
431,EHSS,HEX,LEH481202,0030,Avionics & Electrical Support to ISIS Acceptance Flight / Acceptance Test ISIS Part II,L0818H,,Open
432,EHSS,HEX,LEH481202,0030,Update Electrical Power Generation Test Summary Report,L0818H,,Open
433,EHSS,HHX,LEH481202,0030,Germany Flight Test - Liaison,L0816H,,Open
434,EHSS,HJX,LEH2420J2,0030,Validate OCF/ISIS Flight Test Mission Plan ,L0819H,,Open
435,EHSS,HJX,LEH2420J2,0030,Validate Taxi Mission Plan ,L0819H,,Open
436,EHSS,HJX,LEH2420J2,0030,Validate Ferry to Schleswig Mission Plan ,L0819H,,Open
437,EHSS,HJX,LEH2420J2,0030,Validate Schleswig Flight Mission Plan,L0819H,,Open
438,EHSS,HJX,LEH2712JM,0030,Write and Release MPET Development Test Procedure,L0819H,,Open
439,EHSS,HJX,LEH2712JM,0030,Write and Release MPET Software Version Document,L0819H,,Open
440,EHSS,HJX,LEH2712JM,0030,Perform MPET Development Test Procedure,L0819H,,Open
441,EHSS,HJX,LEH2712JM,0030,Release User's Guide and MPET Tool,L0819H,,Open
442,EHSS,HJX,LEH451212,0030,Flight Sciences support of HPX Testing,L0819H,,Open
443,EHSS,HJX,LEH481200,0030,LD2.1 Flight Sciences Support,L0819H,,Open
444,EHSS,HJX,LEH481202,0030,GNC Support to First Sensor Flight,L0819H,,Open
445,EHSS,HJX,LEH481202,0030,GNC Support to Calibration Flights - 1-3 & Signal Arrival,L0819H,,Open
446,EHSS,HJX,LEH481202,0030,GNC Support to 24 hour Endurance Acceptance Flight Complete ,L0819H,,Open
447,EHSS,HJX,LEH481202,0030,GNC Support to Ferry Flight Manching to Schleswig,L0819H,,Open
448,EHSS,HJX,LEH481202,0030,GNC Support to Performance Engineering Test Flight Full Capability (ATP Dry Flight),L0819H,,Open
449,EHSS,HJX,LEH481202,0030,GNC Support to ISIS Acceptance Flight / Acceptance Test ISIS Part II,L0819H,,Open
450,EHSS,HJX,LEH4812F2,0030,Flight Sciences Develop Cross Wind Landing White Paper,L0819H,,Open
451,BOA 5,HHX,LY301HHX1,0030,,L0816H,,#N/A
452,BOA 16,HEX,LY101HEX1,0030,,L0818H,,#N/A
453,BOA 16,HJX,LY101HJX1,0030,,L0819H,,#N/A
454,BOA 16,HBX,LY101HBX1,0030,,L0811H,,#N/A
455,EMD,HEX,LX806HEX1,0030,,L0818H,,Open
456,EMD,HBX,LX806HBG1,0030,,L0811H,,Open
457,EMD,HBX,LX806HBD1,0030,,L0811H,,Open
458,EMD,HJX,LX806HJBA,0030,,L0819H,,Open
459,EMD,HDX,LX808HDX1,0030,,L03J47,,Open
460,EMD,HJX,LX815HJB1,0030,,L0819H,,#N/A
461,EMD,HBX,LX831HBC2,0030,,L0811H,,Open
462,EMD,HBX,LX831HBX2,0030,,L0811H,,Open
463,EMD,HEX,LX831HEX5,0030,,L0818H,,Open
464,EMD,H0X,LX831H002,0030,,L03J45,,Open
465,EMD,HBX,LX831HBC1,0030,,L0811H,,Open
466,EMD,HBX,LX831HBD3,0030,,L0811H,,Open
467,EMD,HJX,LX831HJX3,0030,,L0819H,,Open
468,EMD,HBX,LX831HBG2,0030,,L0811H,,Open
469,EMD,HBX,LX831HBD2,0030,,L0811H,,Open
470,EMD,HJX,LX831HJA2,0030,,L0819H,,Open
471,EMD,H0X,LX831H001,0030,,L0810H,,Open
472,EMD,HBX,LX831HBX1,0030,,L0811H,,Open
473,EMD,HBX,LX831HBD1,0030,,L0811H,,Open
474,EMD,HJX,LX831HJX2,0030,,L0819H,,Open
475,EMD,HJX,LX831HJA1,0030,,L0819H,,Open
476,EMD,HJX,LX831HJX1,0030,,L0819H,,Open
477,EMD,HBX,LX831HBG1,0030,,L0811H,,Open
478,EMD,HEX,LX831HEX4,0030,,L0818H,,Open
479,EMD,HEX,LX831HEX3,0030,,L0815H,,Open
480,EMD,HEX,LX831HEX2,0030,,L0818H,,Open
481,EMD,HEX,LX831HEX1,0030,,L0815H,,Open
482,EMD,HJX,LX831HJB1,0030,,L0819H,,Open
483,EMD,HEX,LX864HEX1,0030,,L03J48,,Open
484,EMD,HEX,LX885HEX7,0030,,L0818H,,Open
485,EMD,HDX,LX885HDX3,0030,,L03J47,,Open
486,EMD,H0X,LX885H002,0030,,L03J45,,Open
487,EMD,HEX,LX885HEX6,0030,,L03J48,,Open
488,EMD,HEX,LX885HEX4,0030,,L0815H,,Open
489,EMD,HEX,LX885HEX5,0030,,L03J48,,Open
490,EMD,HBX,LX885HBX1,0030,,L0811H,,Open
491,EMD,HJX,LX885HJX1,0030,,L0819H,,Open
492,EMD,HDX,LX885HDX2,0030,,L0813H,,Open
493,EMD,HEX,LX885HEX3,0030,,L0815H,,Open
494,EMD,HEX,LX885HEX2,0030,,L0815H,,Open
495,EMD,HEX,LX885HEX1,0030,,L0814H,,Open
496,EMD,HDX,LX885HDX1,0030,,L0813H,,Open
497,EMD,H0X,LX885H001,0030,,L0810H,,Open
498,EMD,HBX,LX890HBX1,0030,,L0811H,,#N/A
499,EMD,HJX,LX890HJX1,0030,,L0819H,,#N/A
500,EMD,HJX,LX81FHJX1,0030,,L0819H,,Open
501,EMD,HEX,LX81GHEX1,0030,,L03J48,,Open
502,EMD,HJX,LX81GHJX1,0030,,L0819H,,Open
503,EMD,HEX,LX81HHEX2,0030,,L03J48,,Open
504,EMD,HEX,LX81HHEX1,0030,,L0814H,,Open
505,EMD,HEX,LX81EHEX3,0030,,L0814H,,Open
506,EMD,HBX,LX81EHBX1,0030,,L0811H,,Open
507,EMD,HEX,LX81EHEX2,0030,,L03J48,,Open
508,EMD,HEX,LX81EHEX1,0030,,L0814H,,Open
509,EMD,HEX,LX81JHEX6,0030,,L03J48,,Open
510,EMD,HEX,LX81JHEX5,0030,,L0814H,,Open
511,EMD,HEX,LX81JHEX4,0030,,L0814H,,Open
512,EMD,HEX,LX81JHEX3,0030,,L03J48,,Open
513,EMD,HEX,LX81JHEX2,0030,,L0815H,,Open
514,EMD,HEX,LX81JHEX1,0030,,L0818H,,Open
515,EMD,HJX,LX81JHJX1,0030,,L0819H,,Open
516,EMD,HBX,LX86AHBX1,0030,,L0811H,,Open
517,EMD,HJX,LX86AHJX1,0030,,L0819H,,Open
518,EMD,HEX,LX86AHEX1,0030,,L0818H,,Open
519,EMD,HEX,LX86AHEX3,0030,,L03J48,,Open
520,EMD,HEX,LX86AHEX2,0030,,L0814H,,Open
521,EMD,HBX,LX86AHBX2,0030,,L0811H,,Open
522,EMD,HEX,LX81LHEX3,0030,,L03J48,,Open
523,EMD,HEX,LX81LHEX2,0030,,L0814H,,Open
524,EMD,HJX,LX81LHJX1,0030,,L0819H,,Open
525,EMD,HEX,LX81LHEX1,0030,,L0818H,,Open
526,EMD,HBX,LX81LHBX1,0030,,L0811H,,Open
527,EMD,HEX,LX81PHEX4,0030,,L03J48,,Open
528,EMD,HEX,LX81PHEX2,0030,,L0815H,,Open
529,EMD,HEX,LX81PHEX3,0030,,L0818H,,Open
530,EMD,HEX,LX81PHEX1,0030,,L0814H,,Open
531,EMD,HJX,LX81SHJX1,0030,,L0819H,,Open
532,LRIP 5,HEX,LGL091100,0030,AF16 GL09 FLT ACCEPT TST SECT 1100,L0814H,,Open
533,LRIP 5,HEX,LGL111400,0030,AF18 GL11 FUNCTIONAL ATP SEC 1400 -,L0814H,,Open
534,LRIP 5,HEX,LGL121100,0030,AF19 GL12 FLT ACCEPT TST SECT 1100,L0814H,,Open
535,LRIP 5,HHX,LR512ACTR,0030,ACTUATORS SPOILER/RUDERVATOR/AILERON,L04J3G,,Open
536,LRIP 6,H0X,LR6117013,0030,GE Notice of Escapes,L0810H,,Open
537,LRIP 6,HEX,LGL16ALLX,0030,AF-23 - AV Support - 9G08 - Edwards,L0815H,,Open
538,LRIP 6,HEX,LGL17ALLX,0030,AF-24 - AV Support - 9G08 - Edwards,L0815H,,Open
539,LRIP 6,HEX,LR6117010,0030,Investigation and Support for Actuator Conformal Coating NOE from GE,L0818H,,Open
540,LRIP 6,HEX,LR6117011,0030,Investigation and Support for Actuator Abrasion Resistant Film Requirement NOE from GE,L0818H,,Open
541,LRIP 6,HEX,LR6117014,0030,GE NOE Closure,L03J48,,Open
542,LRIP 6,HHX,LR620171R,0030,PCR 20171 Control Rod Ruddervator,L04J4G,,Open
543,LRIP 6,HHX,LR6312730,0030,PCR 12730 Spar Fitting Slip Fix,L04J4G,,Open
544,LRIP 6,HHX,LR6312730,,PCR 12730 Spar Fitting Slip Fix,L04P6B,,Open
545,LRIP 7,HBX,LAF28ALLX,,AF28 -AUXILIARY EQUIPMENT- MISC,L0811H,,Open
546,LRIP 7,HBX,LAF29ALLX,,AF29 WEIGHT AND BALANCE TESTS - DEVIATION,L0811H,,Open
547,LRIP 7,HDX,LR714147R,,ECP 14147 Pod Door Actuator Fitting,L03J47,,Open
548,LRIP 7,HEX,LAF25ALLX,,AF25 -AUXILIARY EQUIPMENT- MISC,L0815H,,Open
549,LRIP 7,HEX,LAF27ALLX,,AF27 WEIGHT AND BALANCE TESTS,L0815H,,Open
550,LRIP 7,HEX,LAF28ALLX,,AF28 -AUXILIARY EQUIPMENT- MISC,L0815H,,Open
551,LRIP 7,HEX,LAF29ALLX,,AF29 WEIGHT AND BALANCE TESTS - DEVIATION,L0815H,,Open
552,LRIP 7,HEX,LR721512R,,ECP 21512 MLG Strut Heater Quick Response,L0815H,,Open
553,LRIP 7,HEX,LR721512R,,ECP 21512 MLG Strut Heater Quick Response,L0818H,,Open
554,LRIP 7,HEX,LR7RTIP27,,Ground Support for MP-RTIP Production Unit 1,L0818H,,Open
555,LRIP 7,HEX,LR7RTIP28,,Ground Support for MP-RTIP Production Unit 2,L0818H,,Open
556,LRIP 7,HHX,LR714147R,,ECP 14147 Pod Door Actuator Fitting,L04A1G,,Open
557,LRIP 7,HHX,LR714147R,,ECP 14147 Pod Door Actuator Fitting,L04J4G,,Open
558,LRIP 7,HHX,LR720583R,,CR 20583 KN-4074 INS/GPS Startup,L04A1G,,Open
559,LRIP 7,HHX,LR721029R,,ECP 21029 R1 Ice Detector Modification,L04A1G,,Open
560,LRIP 7,HHX,LR721029R,,ECP 21029 R1 Ice Detector Modification,L04J3G,,Open
561,LRIP 7,HHX,LR721029R,,ECP 21029 R1 Ice Detector Modification,L04J4G,,Open
562,LRIP 7,HHX,LR721029R,,ECP 21029 R1 Ice Detector Modification,L0816H,,Open
563,LRIP 7,HHX,LR720583R,,CR 20583 KN-4074 INS/GPS Startup,L04J4G,,Open
564,LRIP 7,HHX,LR721038R,,ECP 21038 25 kVa Instrumentation,L04J3G,,Open
565,LRIP 7,HHX,LR721038R,,ECP 21038 25 kVa Instrumentation,L04J4G,,Open
566,LRIP 7,HHX,LR721164R,,CR 21164 25 kVA Instrumentation for AF23,L04J3G,,Open
567,LRIP 7,HHX,LR721164R,,CR 21164 25 kVA Instrumentation for AF23,L04J4G,,Open
568,LRIP 7,HHX,LR721206R,,CR 21206 BSCU S/W Correction,L04J3G,,Open
569,LRIP 7,HHX,LR721206R,,CR 21206 BSCU S/W Correction,L04J4G,,Open
570,LRIP 7,HJX,LAF28ALLX,,AF28 -AUXILIARY EQUIPMENT- MISC,L0819H,,Open
571,LRIP 7,HJX,LAF29ALLX,,AF29 WEIGHT AND BALANCE TESTS - DEVIATION,L0819H,,Open
572,LRIP 8B,HBX,LAF30811H,,AF30 WEIGHT AND BALANCE TESTS,L0811H,,Open
573,LRIP 8B,HBX,LAF31811H,,AF31 WEIGHT AND BALANCE TESTS,L0811H,,Open
574,LRIP 8B,HBX,LAF32811H,,AF32 WEIGHT AND BALANCE TESTS,L0811H,,Open
575,LRIP 8B,HBX,LAF33811H,,AF33 WEIGHT AND BALANCE TESTS,L0811H,,Open
576,LRIP 8B,HBX,LAF34811H,,AF34 WEIGHT AND BALANCE TESTS,L0811H,,Open
577,LRIP 8B,HBX,L848D811H,,ECP 21548 DaDT Control Point Analysis,L0811H,,Open
578,LRIP 8B,HBX,L848N811H,,ECP 21548 DaDT Control Point Analysis,L0811H,,Open
579,LRIP 8B,HDX,L848D813H,,ECP 21548 DaDT Control Point Analysis,L0813H,,Open
580,LRIP 8B,HDX,L848N813H,,ECP 21548 DaDT Control Point Analysis,L0813H,,Open
581,LRIP 8B,HEX,LAF30815H,,AF30 - AV Support - 9G08 - Edwards,L0815H,,Open
582,LRIP 8B,HEX,LAF31815H,,AF31- AV Support - 9G08 - Edwards,L0815H,,Open
583,LRIP 8B,HEX,LAF32815H,,AF32 - AV Support - 9G08 - Edwards,L0815H,,Open
584,LRIP 8B,HEX,LAF33815H,,AF33 - AV Support - 9G08 - Edwards,L0815H,,Open
585,LRIP 8B,HEX,LAF34ALLX,,AF34 - AV Support - 4A1G - Palmdale (PM,L0815H,,Open
586,LRIP 8B,HEX,LAF34815H,,AF34 - AV Support - 9G08 - Edwards,L0815H,,Open
587,LRIP 8B,HEX,LR812818H,,AV IPT - CKT MACHINE INTEGRATION SUPPORT,L0818H,,Open
588,LRIP 8B,HEX,LR842414Z,,PDC Affordability Integration CKT,L03A4A,,Open
589,LRIP 8B,HEX,LR842414Z,,PDC Affordability M/E for CKT,L03J4A,,Open
590,LRIP 8B,HEX,R84149G55,,PDC Affordability Design Circuit,L09G55,,#N/A
591,LRIP 8B,HEX,L8E18818H,,AV IPT - EISS 18 FLIGHT TEST SUPPORT,L0818H,,Open
592,LRIP 8B,HEX,L8E19818H,,AV IPT - EISS 19 FLIGHT TEST SUPPORT,L0818H,,Open
593,LRIP 8B,HHX,LAF31ALLX,,AF31 BUILD PMC SECT1100,L04A1G,,Open
594,LRIP 8B,HHX,LAF32ALLX,,AF32 BUILD PMC SECT1100,L04A1G,,Open
595,LRIP 8B,HHX,LAF33ALLX,,AF33 BUILD PMC SECT1100,L04A1G,,Open
596,LRIP 8B,HHX,LAF33ALLX,,AF33 BUILD PMC SECT1400,L04A1G,,Open
597,LRIP 8B,HHX,LAF33ALLX,,AF33 BUILD PMC SECT1600,L04A1G,,Open
598,LRIP 8B,HHX,LAF34ALLX,,AF34 BUILD PMC SECT1100,L04A1G,,Open
599,LRIP 8B,HHX,LAF34ALLX,,AF34 BUILD PMC SECT1400,L04A1G,,Open
600,LRIP 8B,HHX,LAF34ALLX,,AF34 BUILD PMC SECT1600,L04A1G,,Open
601,LRIP 8B,HHX,LR8117PFI,,PALMDALE FLIGHT TEST INFRASTRUCTURE,L04A1G,,Open
602,LRIP 8B,HHX,R8PFI9G07,,PALMDALE FLIGHT TEST INFRASTRUCTURE,L09G07,,#N/A
603,LRIP 8B,HHX,LR8EISS18,,EISS 18 INSTALL/FLIGHT TEST,L04A1G,,Open
604,LRIP 8B,HHX,LR8EISS19,,INSTALL EISS 19,L04A1G,,Open
605,LRIP 8B,HJX,LAF30819H,,FLIGHT TEST SUPPORT - AERO AF30,L0819H,,Open
606,LRIP 8B,HJX,LAF31819H,,ENGINEERING SUPPORT FOR AF31 AERO,L0819H,,Open
607,LRIP 8B,HJX,LAF32819H,,ENGINEERING SUPPORT AF32 AERO,L0819H,,Open
608,LRIP 8B,HJX,LAF33819H,,ENGINEERING SUPPORT AF33 - AERO,L0819H,,Open
609,LRIP 8B,HJX,LAF34819H,,ENGINEERING SUPPORT AF34 AERO,L0819H,,Open
610,LRIP 8B,HJX,L8E18819H,,AV IPT - EISS 18 FLIGHT TEST SUPPORT,L0819H,,Open
611,LRIP 8B,HJX,L8E19819H,,AV IPT - EISS 19 FLIGHT TEST SUPPORT,L0819H,,Open
612,LRIP 9B,H0X,LR9CB3J45,,AV IPT-MFG Program Mgmt-Common BL,L03J45,,Open
613,LRIP 9B,H0X,LR9CB810H,,AV IPT - Program Mgmt-Common BL,L0810H,,Open
614,LRIP 9B,H0X,LR9PB810H,,Tech Oversight Support-Peculiar BL,L0810H,,Open
615,LRIP 9B,H0X,LR9PBAR10,,Actuator Rework- 810H Peculiar BL,L0810H,,Open
616,LRIP 9B,H0X,LR9CBRWKE,,AV ENG Sust Rework-Common BL,L0810H,,Open
617,LRIP 9B,H0X,LR9CBRWKM,,AV MFG Sust Rework-Common BL,L03J45,,Open
618,LRIP 9B,H0X,LR9CBML29,,Material Eng Coord-Common BL,L0ML29,,Open
619,LRIP 9B,HBX,LAF35811H,,AF35 Weight & Balances Test,L0811H,,Open
620,LRIP 9B,HBX,LAF36811H,,AF36 Weight & Balances Test,L0811H,,Open
621,LRIP 9B,HBX,LAF37811H,,AF37 Weight & Balances Test,L0811H,,Open
622,LRIP 9B,HBX,LAF38811H,,AF38 Weight & Balances Test,L0811H,,Open
623,LRIP 9B,HBX,LR9CB811H,,Analysis & System Integ-Common BL,L0811H,,Open
624,LRIP 9B,HDX,LR9CB3J47,,RBDC GH MFG Eng-Common BL,L03J47,,Open
625,LRIP 9B,HDX,LAF38813H,,AF38 Static Proof Tests,L0813H,,#N/A
626,LRIP 9B,HDX,LR9CB813H,,Airfram Sustaining Eng-Common BL,L0813H,,Open
627,LRIP 9B,HDX,LR9CBRBBM,,BAMs RB Engineers Support,HDX,,Open
628,LRIP 9B,HDX,LR9PB813H,,Airfram Sustaining-Peculiar BL,L0813H,,Open
629,LRIP 9B,HDX,LR9CB817H,,AV Sustaining Eng-Common BL,L0817H,,Open
630,LRIP 9B,HEX,LAF36ALLX,,AF36 Assy & Test of Electrical Comp,L03A4A,,Open
631,LRIP 9B,HEX,LAF37ALLX,,AF37 Assy & Test of Electrical Comp,L03A4A,,Open
632,LRIP 9B,HEX,LAF38ALLX,,AF38 Assy & Test of Electrical Comp,L03A4A,,Open
633,LRIP 9B,HEX,LR9CB3J48,,RBDC MFG Eng Equipment Install-Common BL,L03J48,,Open
634,LRIP 9B,HEX,LR9CB3J4A,,RBDC MFG Eng AV Avionics & Elec-Common BL,L03J4A,,Open
635,LRIP 9B,HEX,LR9CB814H,,Equipment Installations-Common BL,L0814H,,Open
636,LRIP 9B,HEX,LAF35815H,,AF35 Section 1400 Support,L0815H,,Open
637,LRIP 9B,HEX,LAF36815H,,AF36 Section 1400 Support,L0815H,,Open
638,LRIP 9B,HEX,LAF37815H,,AF37 Section 1400 Support,L0815H,,Open
639,LRIP 9B,HEX,LAF38815H,,AF38 Section 1400 Support,L0815H,,Open
640,LRIP 9B,HEX,LR91392NR,,CR21392 Steering Unit ATP Change LABOR,HEX,,Open
641,LRIP 9B,HEX,LR9CB815H,,Mecahnical Subsystems-Common BL,L0815H,,Open
642,LRIP 9B,HEX,LAF35818H,,AF35 AV IPT Sect 1100 Support,L0818H,,Open
643,LRIP 9B,HEX,LAF36818H,,AF36 AV IPT Sect 1100 Support,L0818H,,Open
644,LRIP 9B,HEX,LAF37818H,,AF37 AV IPT Sect 1100 Support,L0818H,,Open
645,LRIP 9B,HEX,LAF38818H,,AF38 AV IPT Sect 1100 Support,L0818H,,Open
646,LRIP 9B,HEX,LEIS20HEX,,EISS20 AV IPT Sect. 1100 Support,HEX,,Open
647,LRIP 9B,HEX,LEIS21HEX,,EISS21 AV IPT Sect. 1100 Support,HEX,,Open
648,LRIP 9B,HEX,LR9CB818H,,Avionics & Electrical Spt-Common BL,L0818H,,Open
649,LRIP 9B,HHX,LR9121HHX,,Tooling Support -Tool Design/Fabrication,HHX,,Open
650,LRIP 9B,HHX,LR9CB3J3M,,UMS IE Support to MPS-Common BL,L03J3M,,Open
651,LRIP 9B,HHX,LR9CB3J4M,,ME Project Support to Mississippi-Common BL,L03J4M,,Open
652,LRIP 9B,HHX,LAF38ALLX,,AF38 Moss Point Prod Sec1800,L03M1G,,Open
653,LRIP 9B,HHX,LR9CB3M1G,,Manufacturing Spt to MPS-Common BL,L03M1G,,Open
654,LRIP 9B,HHX,LAF35ALLX,,AF35 Build PMC Sect1100,L04A1G,,Open
655,LRIP 9B,HHX,LAF35ALLX,,AF35 Build PMC Sect1400,L04A1G,,Open
656,LRIP 9B,HHX,LAF36ALLX,,AF36 Build PMC Sect1100,L04A1G,,Open
657,LRIP 9B,HHX,LAF36ALLX,,AF36 Build PMC Sect1400,L04A1G,,Open
658,LRIP 9B,HHX,LAF37ALLX,,AF37 Build PMC Sect1100,L04A1G,,Open
659,LRIP 9B,HHX,LAF37ALLX,,AF37 Build PMC Sect1400,L04A1G,,Open
660,LRIP 9B,HHX,LAF37ALLX,,AF37 Build PMC Sect1600,L04A1G,,Open
661,LRIP 9B,HHX,LAF37ALLX,,AF37 Build PMC Sect1700,L04A1G,,Open
662,LRIP 9B,HHX,LAF38ALLX,,AF38 Build PMC Sect1100,L04A1G,,Open
663,LRIP 9B,HHX,LAF38ALLX,,AF38 Build PMC Sect1400,L04A1G,,Open
664,LRIP 9B,HHX,LAF38ALLX,,AF38 Build PMC Sect1600,L04A1G,,Open
665,LRIP 9B,HHX,LAF38ALLX,,AF38 Build PMC Sect1700,L04A1G,,Open
666,LRIP 9B,HHX,LEIS20HHX,,EISS20 Install/Flight Test,HHX,,#N/A
667,LRIP 9B,HHX,LEIS21HHX,,EISS21 Install/Flight Test,HHX,,#N/A
668,LRIP 9B,HHX,LR9CB4A1G,,Manufacturing Spt to PMC-Common BL,L04A1G,,Open
669,LRIP 9B,HHX,LR9CB4D31,,Production EVMS Spt to PMC-Common BL,L04D31,,Open
670,LRIP 9B,HHX,LR9CB4J35,,Master Scheduling-Common BL,L04J35,,Open
671,LRIP 9B,HHX,LR9CB4J3G,,UMS IE Spt to Palmdale Assem-Common BL,L04J3G,,Open
672,LRIP 9B,HHX,LR9CB4J4G,,ME Palmdale Liaison-Common BL,L04J4G,,Open
673,LRIP 9B,HHX,LR9CB4P6B,,Tooling Cycles Periodics & Maint-Common BL,L04P6B,,Open
674,LRIP 9B,HHX,LR9CB816H,,Production Liaison Eng-Common BL,L0816H,,Open
675,LRIP 9B,HHX,LR9AI9G07,,Palmdale PAI Support,L09G07,,Open
676,LRIP 9B,HJX,LAF35819H,,AF35 AV Flight Test Support,L0819H,,Open
677,LRIP 9B,HJX,LAF36819H,,AF36 AV Flight Test Support,L0819H,,Open
678,LRIP 9B,HJX,LAF37819H,,AF37 AV Flight Test Support,L0819H,,Open
679,LRIP 9B,HJX,LAF38819H,,AF38 AV Flight Test Support,L0819H,,Open
680,LRIP 9B,HJX,LEIS20HJX,,EISS20 AV IPT Flight Test Support,L0819H,,Open
681,LRIP 9B,HJX,LEIS21HJX,,EISS21 AV IPT Flight Test Support,L0819H,,Open
682,LRIP 9B,HJX,LR9CB819H,,Flight Systems Eng-Common BL,L0819H,,Open
683,S&S,H0X,LT44110BZ,,AV IPT Program Management OP1 Baseline,L0810H,,Open
684,S&S,H0X,LT44110CZ,,AV IPT Program Management OP1 OCO,L0810H,,Open
685,S&S,H0X,LT44110NZ,,AV IPT Program Management OP1 BACN,L0810H,,Open
686,S&S,HJX,LT44131BZ,,AV IPT Flt. Sys. MPWG Support OP1,L0819H,,Open
687,S&S,HJX,LT4413ABT,,AV IPT Flt. Sys. MPWG Support OP1,L0819H,,Open
688,S&S,HEX,LT44210NA,,AV IPT UAV Subsytems FSR at 380th,L0815H,,Open
689,S&S,HEX,LT44210NZ,,AV IPT UAV Subsystems FSR at 380th,L0815H,,Open
690,S&S,HEX,LT4421ANT,,AV IPT UAV Subsystems FSR at 380th,L0817H,,Open
691,S&S,HEX,LT4421NTA,,AV IPT UAV Subsytems FSR at 380th Travel,L0815H,,Open
692,S&S,HJX,LT44220BZ,,AV IPT Mission Plan Valid. OP1 Baseline,L0819H,,Open
693,S&S,HJX,LT44220CZ,,AV IPT Mission Plan Valid. OP1 OCO,L0819H,,Open
694,S&S,HJX,LT44220NZ,,AV IPT Mission Plan Valid. OP1 BACN,L0819H,,Open
695,S&S,HJX,LT44522BZ,,AV IPT Flt. Sys. SRA Support OP1,L0819H,,Open
696,S&S,HJX,LT4452VBT,,AV IPT Flt. Sys. SRA Support OP1,L0819H,,Open
697,S&S,HEX,LT44561BM,,AV expedited procurement of hardware of strut heaters for Guam,L0815H,,Open
698,S&S,HDX,LT44561BZ,,Manufacturing Engineering Support,L03J47,,Open
699,S&S,HBX,LT44561BZ,,AV IPT Integ. & Analysis SE OP1 Baseline,L0811H,,Open
700,S&S,HDX,LT44561BZ,,AV IPT Airframe SE OP1 Baseline,L0813H,,Open
701,S&S,HEX,LT44561BZ,,AV IPT Equip. & Subsys. SE OP1 Baseline,L0815H,,Open
702,S&S,HJX,LT44561BZ,,AV IPT Flight Systems SE OP1 Baseline,L0819H,,Open
703,S&S,HDX,LT44561CZ,,Manufacturing Engineering Support,L03J47,,Open
704,S&S,HBX,LT44561CZ,,AV IPT Integ. & Analysis SE OP1 OCO,L0811H,,Open
705,S&S,HDX,LT44561CZ,,AV IPT Airframe SE OP1 OCO,L0813H,,Open
706,S&S,HEX,LT44561CZ,,AV IPT Equip. & Subsys. SE OP1 OCO,L0815H,,Open
707,S&S,HJX,LT44561CZ,,AV IPT Flight Systems SE OP1 OCO,L0819H,,Open
708,S&S,HDX,LT44561NZ,,Manufacturing Engineering Support,L03J47,,Open
709,S&S,HBX,LT44561NZ,,AV IPT Integ. & Analysis SE OP1 BACN,L0811H,,Open
710,S&S,HDX,LT44561NZ,,AV IPT Airframe SE OP1 BACN,L0813H,,Open
711,S&S,HEX,LT44561NZ,,AV IPT Equip. & Subsys. SE OP1 BACN,L0815H,,Open
712,S&S,HJX,LT44561NZ,,AV IPT Flight Systems SE OP1 BACN,L0819H,,Open
713,S&S,HEX,LT44565BZ,,MLG Strut Heater Quick Response,L03J48,,Open
714,S&S,HEX,LT44565BZ,,MLG Strut Heater Quick Response,L0815H,,Open
715,S&S,HEX,LT44565BZ,,MLG Strut Heater Quick Response,L0818H,,Open
716,S&S,HBX,LT44671BZ,,AV IPT RQ4B FSMP OP1,L0811H,,Open
717,S&S,HBX,LT44672BT,,AF-15 Non-Description Inspection Travel,L0811H,,Open
718,S&S,HBX,LT44672BZ,,AV IPT Phase Inspections - Baseline OP1,L0811H,,Open
719,S&S,HBX,LT44672CZ,,AV IPT Phase Inspections - OCO OP1,L0811H,,Open
720,S&S,HBX,LT44672NT,,AV IPT Phase Inspections - BACN OP1,L0811H,,Open
721,S&S,HBX,LT44672NZ,,AV IPT Phase Inspections - BACN OP1,L0811H,,Open
722,S&S,HEX,LT44673BM,,"Qty 3 BSCU-peculiar power cables for PMC, EAFB and RB",L0815H,,Open
723,S&S,HBX,LT44673BZ,,AV IPT Corrosion Prevention OP1,L0811H,,Open
724,S&S,HDX,LT44673BZ,,AV IPT Corrosion Prevention OP1,L0813H,,Open
725,S&S,HEX,LT44673BZ,,AV IPT MECSIP OP1,L0815H,,Open
726,S&S,HBX,LT44674BZ,,AV IPT NDI Program OP1,L0811H,,Open
727,S&S,HJX,LT44674BZ,,AV IPT Flight Systems ENSIP OP1,L0819H,,Open
728,S&S,HBX,LT44675BZ,,AV IPT Integ. & Ana. AIP Support OP1,L0811H,,Open
729,S&S,HEX,LT44675BZ,,AV IPT Equip. & Subsys. AIP Support OP1,L0815H,,Open
730,S&S,HBX,LT44676BZ,,AV IPT RQ4B IATP OP1 Baseline,L0811H,,Open
731,S&S,HBX,LT44677BZ,,AV IPT Force Management Execution OP1,L0811H,,Open
732,S&S,HEX,LT44950BZ,,AV IPT Equip. & Subsys. ICD Support OP1,L0815H,,Open
733,LRIP 8B,HHX,L88451HHX,,,,,Open
734,LRIP 8B,HEX,LR8496HEX,,,,,Open
735,LRIP 9B,HEX,LR9ACTHEX,,,,,Open
736,LRIP 9B,HEX,LRAM37HEX,,,,,Open
737,LRIP 9B,HEX,LRAM38HEX,,,,,Open
738,EMD,HEX,LX81BHEXA,,,,,Open
739,EMD,HXX,LX86AHXXA,,,,,Open
740,EMD,HBX,LX88AHEBA,,,,,Open
741,EMD,HBX,LX8ASHBXA,,,,,Open
742,EMD,HDX,LX8ASHDAA,,,,,Open
743,EMD,HDX,LX8ASHDXA,,,,,Open
744,EMD,HEX,LX8AUHEAA,,,,,Open
745,EMD,HEX,LX8AVHEA1,,,,,Open
746,EMD,HEX,LX8AYHEX1,,,,,Open
